Initialized native services in: C:\Users\alex\.gradle\native
Initialized jansi services in: C:\Users\alex\.gradle\native
Found daemon DaemonInfo{pid=19176, address=[a6b30c4c-e59a-4fe7-b841-f7d9581076e7 port:55530, addresses:[/127.0.0.1]], state=Idle, lastBusy=1784808434396, context=DefaultDaemonContext[uid=ba326f30-86c3-4d2c-84a4-1b5d25beeb7a,javaHome=C:\Program Files\Java\jdk-25.0.4,javaVersion=25,javaVendor=Oracle Corporation,daemonRegistryDir=C:\Users\alex\.gradle\daemon,pid=19176,idleTimeout=10800000,priority=NORMAL,applyInstrumentationAgent=true,nativeServicesMode=ENABLED,daemonOpts=-Xmx2048m,-Dfile.encoding=UTF-8,-Duser.country=IN,-Duser.language=en,-Duser.variant]} however its context does not match the desired criteria.
JVM is incompatible.
Wanted: DaemonRequestContext{jvmCriteria=C:\Program Files\Eclipse Adoptium\jdk-17.0.20.8-hotspot (from org.gradle.java.home), daemonOpts=[-Xmx2048m, -Dfile.encoding=UTF-8, -Duser.country=IN, -Duser.language=en, -Duser.variant], applyInstrumentationAgent=true, nativeServicesMode=ENABLED, priority=NORMAL}
Actual: DefaultDaemonContext[uid=ba326f30-86c3-4d2c-84a4-1b5d25beeb7a,javaHome=C:\Program Files\Java\jdk-25.0.4,javaVersion=25,javaVendor=Oracle Corporation,daemonRegistryDir=C:\Users\alex\.gradle\daemon,pid=19176,idleTimeout=10800000,priority=NORMAL,applyInstrumentationAgent=true,nativeServicesMode=ENABLED,daemonOpts=-Xmx2048m,-Dfile.encoding=UTF-8,-Duser.country=IN,-Duser.language=en,-Duser.variant]

  Looking for a different daemon...
Removing daemon from the registry due to communication failure. Daemon information: DaemonInfo{pid=14588, address=[c74f6922-840c-4363-847e-bf85573e3607 port:63821, addresses:[/127.0.0.1]], state=Idle, lastBusy=1787235400456, context=DefaultDaemonContext[uid=cf2a6fd2-808d-44d0-9031-6204939f6578,javaHome=C:\Program Files\Eclipse Adoptium\jdk-17.0.20.8-hotspot,javaVersion=17,javaVendor=Eclipse Adoptium,daemonRegistryDir=C:\Users\alex\.gradle\daemon,pid=14588,idleTimeout=10800000,priority=NORMAL,applyInstrumentationAgent=true,nativeServicesMode=ENABLED,daemonOpts=-Xmx2048m,-Dfile.encoding=UTF-8,-Duser.country=IN,-Duser.language=en,-Duser.variant]}
Removing 0 daemon stop events from registry
Previous Daemon (1416) stopped at Thu Aug 20 19:45:22 IST 2026 by user or operating system
Previous Daemon (18436) stopped at Thu Aug 20 19:46:38 IST 2026 by user or operating system
Previous Daemon (14588) stopped at Thu Aug 20 19:47:49 IST 2026 by user or operating system
Starting a Gradle Daemon, 2 incompatible and 3 stopped Daemons could not be reused, use --status for details
Received JVM installation metadata from 'C:\Program Files\Eclipse Adoptium\jdk-17.0.20.8-hotspot': {JAVA_HOME=C:\Program Files\Eclipse Adoptium\jdk-17.0.20.8-hotspot, JAVA_VERSION=17.0.20, JAVA_VENDOR=Eclipse Adoptium, RUNTIME_NAME=OpenJDK Runtime Environment, RUNTIME_VERSION=17.0.20+8, VM_NAME=OpenJDK 64-Bit Server VM, VM_VERSION=17.0.20+8, VM_VENDOR=Eclipse Adoptium, OS_ARCH=amd64}
Starting process 'Gradle build daemon'. Working directory: C:\Users\alex\.gradle\daemon\9.1.0 Command: C:\Program Files\Eclipse Adoptium\jdk-17.0.20.8-hotspot\bin\java.exe --add-opens=java.base/java.lang=ALL-UNNAMED --add-opens=java.base/java.lang.invoke=ALL-UNNAMED --add-opens=java.base/java.util=ALL-UNNAMED --add-opens=java.prefs/java.util.prefs=ALL-UNNAMED --add-exports=jdk.compiler/com.sun.tools.javac.api=ALL-UNNAMED --add-exports=jdk.compiler/com.sun.tools.javac.util=ALL-UNNAMED --add-opens=java.base/java.util=ALL-UNNAMED --add-opens=java.prefs/java.util.prefs=ALL-UNNAMED --add-opens=java.base/java.nio.charset=ALL-UNNAMED --add-opens=java.base/java.net=ALL-UNNAMED --add-opens=java.base/java.util.concurrent=ALL-UNNAMED --add-opens=java.base/java.util.concurrent.atomic=ALL-UNNAMED --add-opens=java.xml/javax.xml.namespace=ALL-UNNAMED --add-opens=java.base/java.time=ALL-UNNAMED -Xmx2048m -Dfile.encoding=UTF-8 -Duser.country=IN -Duser.language=en -Duser.variant -cp C:\Users\alex\.gradle\wrapper\dists\gradle-9.1.0-bin\9agqghryom9wkf8r80qlhnts3\gradle-9.1.0\lib\gradle-daemon-main-9.1.0.jar -javaagent:C:\Users\alex\.gradle\wrapper\dists\gradle-9.1.0-bin\9agqghryom9wkf8r80qlhnts3\gradle-9.1.0\lib\agents\gradle-instrumentation-agent-9.1.0.jar org.gradle.launcher.daemon.bootstrap.GradleDaemon 9.1.0
Successfully started process 'Gradle build daemon'
An attempt to start the daemon took 2.387 secs.
The client will now receive all logging from the daemon (pid: 1764). The daemon log file: C:\Users\alex\.gradle\daemon\9.1.0\daemon-1764.out.log
Starting build in new daemon [memory: 2 GiB]
Using 8 worker leases.
Received JVM installation metadata from 'C:\Program Files\Eclipse Adoptium\jdk-17.0.20.8-hotspot': {JAVA_HOME=C:\Program Files\Eclipse Adoptium\jdk-17.0.20.8-hotspot, JAVA_VERSION=17.0.20, JAVA_VENDOR=Eclipse Adoptium, RUNTIME_NAME=OpenJDK Runtime Environment, RUNTIME_VERSION=17.0.20+8, VM_NAME=OpenJDK 64-Bit Server VM, VM_VERSION=17.0.20+8, VM_VENDOR=Eclipse Adoptium, OS_ARCH=amd64}
Encryption key source: default Gradle keystore (pkcs12)
Reusing configuration cache.
Watching the file system is configured to be enabled if available
Now considering [C:\Users\alex\.gemini\antigravity\scratch\retro-tts-app] as hierarchies to watch
File system watching is active
Using local directory build cache for the root build (location = C:\Users\alex\.gradle\caches\build-cache-1, remove unused entries = after 7 days).
Tasks to be executed: [task ':app:preBuild', task ':app:preDebugBuild', task ':app:mergeDebugNativeDebugMetadata', task ':app:generateDebugResources', task ':app:packageDebugResources', task ':app:processDebugNavigationResources', task ':app:parseDebugLocalResources', task ':app:generateDebugRFile', task ':app:compileDebugKotlin', task ':app:javaPreCompileDebug', task ':app:compileDebugJavaWithJavac', task ':app:generateDebugAssets', task ':app:mergeDebugAssets', task ':app:compressDebugAssets', task ':app:desugarDebugFileDependencies', task ':app:checkDebugAarMetadata', task ':app:compileDebugNavigationResources', task ':app:mapDebugSourceSetPaths', task ':app:mergeDebugResources', task ':app:createDebugCompatibleScreenManifests', task ':app:extractDeepLinksDebug', task ':app:processDebugMainManifest', task ':app:processDebugManifest', task ':app:processDebugManifestForPackage', task ':app:processDebugResources', task ':app:dexBuilderDebug', task ':app:mergeDebugGlobalSynthetics', task ':app:processDebugJavaRes', task ':app:mergeDebugJavaResource', task ':app:checkDebugDuplicateClasses', task ':app:mergeExtDexDebug', task ':app:mergeLibDexDebug', task ':app:mergeProjectDexDebug', task ':app:configureCMakeDebug[arm64-v8a]', task ':app:buildCMakeDebug[arm64-v8a]', task ':app:mergeDebugJniLibFolders', task ':app:mergeDebugNativeLibs', task ':app:stripDebugDebugSymbols', task ':app:validateSigningDebug', task ':app:writeDebugAppMetadata', task ':app:writeDebugSigningConfigVersions', task ':app:packageDebug', task ':app:createDebugApkListingFileRedirect', task ':app:assembleDebug']
Tasks that were excluded: []
Resolve mutations for :app:preBuild (Thread[Execution worker Thread 2,5,main]) started.
Resolve mutations for :app:generateDebugAssets (Thread[Execution worker Thread 7,5,main]) started.
:app:preBuild (Thread[Execution worker Thread 2,5,main]) started.
:app:generateDebugAssets (Thread[included builds,5,main]) started.

> Task :app:generateDebugAssets UP-TO-DATE
Skipping task ':app:generateDebugAssets' as it has no actions.

> Task :app:preBuild UP-TO-DATE
Skipping task ':app:preBuild' as it has no actions.
Resolve mutations for :app:preDebugBuild (Thread[Execution worker Thread 2,5,main]) started.
:app:preDebugBuild (Thread[Execution worker Thread 2,5,main]) started.

> Task :app:preDebugBuild UP-TO-DATE
Skipping task ':app:preDebugBuild' as it has no actions.
Resolve mutations for :app:mergeDebugNativeDebugMetadata (Thread[Execution worker Thread 2,5,main]) started.
Resolve mutations for :app:generateDebugResources (Thread[included builds,5,main]) started.
Resolve mutations for :app:mergeDebugAssets (Thread[Execution worker,5,main]) started.
Resolve mutations for :app:javaPreCompileDebug (Thread[Execution worker Thread 3,5,main]) started.
Resolve mutations for :app:checkDebugAarMetadata (Thread[Execution worker Thread 6,5,main]) started.
Resolve mutations for :app:processDebugNavigationResources (Thread[Execution worker Thread 5,5,main]) started.
Resolve mutations for :app:desugarDebugFileDependencies (Thread[Execution worker Thread 4,5,main]) started.
Resolve mutations for :app:mapDebugSourceSetPaths (Thread[Execution worker Thread 7,5,main]) started.
Build 1e5d1241-a0ab-4dab-ac06-db475b80ead3 is started
:app:mergeDebugNativeDebugMetadata (Thread[Execution worker Thread 2,5,main]) started.
:app:generateDebugResources (Thread[Execution worker Thread 5,5,main]) started.
:app:processDebugNavigationResources (Thread[Execution worker Thread 6,5,main]) started.
:app:javaPreCompileDebug (Thread[Execution worker Thread 4,5,main]) started.
:app:mergeDebugAssets (Thread[Execution worker Thread 7,5,main]) started.
:app:desugarDebugFileDependencies (Thread[included builds,5,main]) started.
:app:checkDebugAarMetadata (Thread[Execution worker,5,main]) started.
:app:mapDebugSourceSetPaths (Thread[Execution worker Thread 3,5,main]) started.

> Task :app:mergeDebugNativeDebugMetadata NO-SOURCE
Skipping task ':app:mergeDebugNativeDebugMetadata' as it has no source files and no previous output files.
Resolve mutations for :app:createDebugCompatibleScreenManifests (Thread[Execution worker Thread 2,5,main]) started.
:app:createDebugCompatibleScreenManifests (Thread[Execution worker Thread 2,5,main]) started.

> Task :app:generateDebugResources UP-TO-DATE
Build cache key for task ':app:generateDebugResources' is 2145c378bd4c173846f83b8a3b45cc5b
Skipping task ':app:generateDebugResources' as it is up-to-date.

> Task :app:createDebugCompatibleScreenManifests UP-TO-DATE
Caching disabled for task ':app:createDebugCompatibleScreenManifests' because:
  Caching has been disabled for the task
Skipping task ':app:createDebugCompatibleScreenManifests' as it is up-to-date.

> Task :app:javaPreCompileDebug UP-TO-DATE
Build cache key for task ':app:javaPreCompileDebug' is 81137004a198eaf01b9102ee2767226c
Skipping task ':app:javaPreCompileDebug' as it is up-to-date.

> Task :app:desugarDebugFileDependencies UP-TO-DATE
Build cache key for task ':app:desugarDebugFileDependencies' is 7754dc293aa9c6dad07d1d3b9b6b4a4d
Skipping task ':app:desugarDebugFileDependencies' as it is up-to-date.
Resolve mutations for :app:packageDebugResources (Thread[Execution worker Thread 5,5,main]) started.
Resolve mutations for :app:mergeDebugResources (Thread[Execution worker Thread 4,5,main]) started.
Resolve mutations for :app:extractDeepLinksDebug (Thread[included builds,5,main]) started.
:app:extractDeepLinksDebug (Thread[included builds,5,main]) started.
Resolve mutations for :app:checkDebugDuplicateClasses (Thread[Execution worker Thread 2,5,main]) started.
:app:checkDebugDuplicateClasses (Thread[Execution worker Thread 2,5,main]) started.

> Task :app:extractDeepLinksDebug UP-TO-DATE
Build cache key for task ':app:extractDeepLinksDebug' is 0bd8fa0035672a92ffc710c45b5d3c9f
Skipping task ':app:extractDeepLinksDebug' as it is up-to-date.
Resolve mutations for :app:processDebugMainManifest (Thread[included builds,5,main]) started.
:app:processDebugMainManifest (Thread[included builds,5,main]) started.
:app:packageDebugResources (Thread[Execution worker Thread 5,5,main]) started.
:app:mergeDebugResources (Thread[Execution worker Thread 4,5,main]) started.

> Task :app:packageDebugResources UP-TO-DATE
Build cache key for task ':app:packageDebugResources' is ea16e44d60b00828ce07c599dfd3b869
Skipping task ':app:packageDebugResources' as it is up-to-date.
Resolve mutations for :app:configureCMakeDebug[arm64-v8a] (Thread[Execution worker Thread 5,5,main]) started.
:app:configureCMakeDebug[arm64-v8a] (Thread[Execution worker Thread 5,5,main]) started.

> Task :app:mergeDebugAssets UP-TO-DATE
Caching disabled for task ':app:mergeDebugAssets' because:
  Simple merging task
Skipping task ':app:mergeDebugAssets' as it is up-to-date.
Resolve mutations for :app:compressDebugAssets (Thread[Execution worker Thread 7,5,main]) started.

> Task :app:mergeDebugResources UP-TO-DATE
Build cache key for task ':app:mergeDebugResources' is ed75403f6c2014aa9d2223b0fd5a9dbb
Skipping task ':app:mergeDebugResources' as it is up-to-date.
Resolve mutations for :app:mergeDebugJniLibFolders (Thread[Execution worker Thread 4,5,main]) started.
:app:compressDebugAssets (Thread[Execution worker Thread 7,5,main]) started.
:app:mergeDebugJniLibFolders (Thread[Execution worker Thread 4,5,main]) started.

> Task :app:compressDebugAssets UP-TO-DATE
Build cache key for task ':app:compressDebugAssets' is 850fe71b17a3a8a6786cc5310c96914d
Skipping task ':app:compressDebugAssets' as it is up-to-date.
Resolve mutations for :app:validateSigningDebug (Thread[Execution worker Thread 7,5,main]) started.
:app:validateSigningDebug (Thread[Execution worker Thread 7,5,main]) started.

> Task :app:mergeDebugJniLibFolders UP-TO-DATE
Caching disabled for task ':app:mergeDebugJniLibFolders' because:
  Simple merging task
Skipping task ':app:mergeDebugJniLibFolders' as it is up-to-date.
Resolve mutations for :app:writeDebugAppMetadata (Thread[Execution worker Thread 4,5,main]) started.
:app:writeDebugAppMetadata (Thread[Execution worker Thread 4,5,main]) started.

> Task :app:writeDebugAppMetadata UP-TO-DATE
Caching disabled for task ':app:writeDebugAppMetadata' because:
  Caching has been disabled for the task
Skipping task ':app:writeDebugAppMetadata' as it is up-to-date.
Resolve mutations for :app:writeDebugSigningConfigVersions (Thread[Execution worker Thread 4,5,main]) started.

> Task :app:validateSigningDebug UP-TO-DATE
Caching disabled for task ':app:validateSigningDebug' because:
  Caching has been disabled for the task
Skipping task ':app:validateSigningDebug' as it is up-to-date.

> Task :app:checkDebugAarMetadata UP-TO-DATE
Caching disabled for task ':app:checkDebugAarMetadata' because:
  Caching has been disabled for the task
Skipping task ':app:checkDebugAarMetadata' as it is up-to-date.
:app:writeDebugSigningConfigVersions (Thread[Execution worker Thread 4,5,main]) started.

> Task :app:mapDebugSourceSetPaths UP-TO-DATE
Caching disabled for task ':app:mapDebugSourceSetPaths' because:
  Caching has been disabled for the task
Skipping task ':app:mapDebugSourceSetPaths' as it is up-to-date.

> Task :app:processDebugNavigationResources UP-TO-DATE
Build cache key for task ':app:processDebugNavigationResources' is d9626a594ca456ac4009513841814de9
Skipping task ':app:processDebugNavigationResources' as it is up-to-date.
Resolve mutations for :app:parseDebugLocalResources (Thread[Execution worker Thread 6,5,main]) started.
Resolve mutations for :app:compileDebugNavigationResources (Thread[Execution worker Thread 3,5,main]) started.
:app:compileDebugNavigationResources (Thread[Execution worker Thread 3,5,main]) started.
:app:parseDebugLocalResources (Thread[Execution worker Thread 7,5,main]) started.

> Task :app:compileDebugNavigationResources UP-TO-DATE
Build cache key for task ':app:compileDebugNavigationResources' is 06275a6d38529a3089ce52809e41c2d4
Skipping task ':app:compileDebugNavigationResources' as it is up-to-date.

> Task :app:checkDebugDuplicateClasses UP-TO-DATE
Caching disabled for task ':app:checkDebugDuplicateClasses' because:
  Caching has been disabled for the task
Skipping task ':app:checkDebugDuplicateClasses' as it is up-to-date.

> Task :app:writeDebugSigningConfigVersions UP-TO-DATE
Caching disabled for task ':app:writeDebugSigningConfigVersions' because:
  Caching has been disabled for the task
Skipping task ':app:writeDebugSigningConfigVersions' as it is up-to-date.
Resolve mutations for :app:mergeExtDexDebug (Thread[Execution worker Thread 2,5,main]) started.
Resolve mutations for :app:mergeLibDexDebug (Thread[Execution worker Thread 4,5,main]) started.
:app:mergeLibDexDebug (Thread[Execution worker Thread 4,5,main]) started.
:app:mergeExtDexDebug (Thread[Execution worker Thread 2,5,main]) started.

> Task :app:parseDebugLocalResources UP-TO-DATE
Build cache key for task ':app:parseDebugLocalResources' is 6655bce5d34aa06e64cf34b51955551b
Skipping task ':app:parseDebugLocalResources' as it is up-to-date.
Resolve mutations for :app:generateDebugRFile (Thread[Execution worker Thread 7,5,main]) started.
:app:generateDebugRFile (Thread[Execution worker Thread 7,5,main]) started.

> Task :app:mergeLibDexDebug UP-TO-DATE
Build cache key for task ':app:mergeLibDexDebug' is af4a878535f4688cc0c99e4b149ec057
Skipping task ':app:mergeLibDexDebug' as it is up-to-date.

> Task :app:generateDebugRFile UP-TO-DATE
Build cache key for task ':app:generateDebugRFile' is 3a5a971e57c7800fcfdead2ff3e4d4b9
Skipping task ':app:generateDebugRFile' as it is up-to-date.
Resolve mutations for :app:compileDebugKotlin (Thread[Execution worker Thread 7,5,main]) started.
:app:compileDebugKotlin (Thread[Execution worker Thread 7,5,main]) started.

> Task :app:processDebugMainManifest UP-TO-DATE
Build cache key for task ':app:processDebugMainManifest' is 5043e36c06d360b80ce052a3eeb097e6
Skipping task ':app:processDebugMainManifest' as it is up-to-date.
Resolve mutations for :app:processDebugManifest (Thread[included builds,5,main]) started.
:app:processDebugManifest (Thread[included builds,5,main]) started.

> Task :app:processDebugManifest UP-TO-DATE
Build cache key for task ':app:processDebugManifest' is 35aed1903e4f3b4b08f4886918932de1
Skipping task ':app:processDebugManifest' as it is up-to-date.
Resolve mutations for :app:processDebugManifestForPackage (Thread[included builds,5,main]) started.
:app:processDebugManifestForPackage (Thread[included builds,5,main]) started.

> Task :app:processDebugManifestForPackage UP-TO-DATE
Build cache key for task ':app:processDebugManifestForPackage' is c89fe05f1d194f5ef86e893627e5afb9
Skipping task ':app:processDebugManifestForPackage' as it is up-to-date.
Resolve mutations for :app:processDebugResources (Thread[included builds,5,main]) started.
:app:processDebugResources (Thread[included builds,5,main]) started.

> Task :app:mergeExtDexDebug UP-TO-DATE
Build cache key for task ':app:mergeExtDexDebug' is b068d69c804416983f4f97cb0c036422
Skipping task ':app:mergeExtDexDebug' as it is up-to-date.

> Task :app:configureCMakeDebug[arm64-v8a]
Caching disabled for task ':app:configureCMakeDebug[arm64-v8a]' because:
  Caching has been disabled for the task
Task ':app:configureCMakeDebug[arm64-v8a]' is not up-to-date because:
  Task.upToDateWhen is false.
[CXX5304] This version only understands SDK XML versions up to 3 but an SDK XML file of version 4 was encountered. This can happen if you use versions of Android Studio and the command-line tools that were released at different times.
[CXX5304] This version only understands SDK XML versions up to 3 but an SDK XML file of version 4 was encountered. This can happen if you use versions of Android Studio and the command-line tools that were released at different times.
C/C++: SDK Manager found the following installed packages: build-tools;34.0.0 build-tools;36.0.0 build;templates cmake;3.22.1 cmake;4.1.2 ndk;26.1.10909125 ndk;28.2.13676358 ndk;29.0.14206865 ndk;30.0.15729638 platform-tools platforms;android-34 platforms;android-35 platforms;android-36 platforms;android-37.0
C/C++: C:\Users\alex\.gemini\antigravity\scratch\retro-tts-app\app\src\main\cpp\CMakeLists.txt debug|arm64-v8a : Start JSON generation. Platform version: 24 min SDK version: arm64-v8a

> Task :app:processDebugResources UP-TO-DATE
Build cache key for task ':app:processDebugResources' is a8b49019235a484b667fe237a05bbdfe
Skipping task ':app:processDebugResources' as it is up-to-date.

> Task :app:compileDebugKotlin
file or directory 'C:\Users\alex\.gemini\antigravity\scratch\retro-tts-app\app\src\main\kotlin', not found
file or directory 'C:\Users\alex\.gemini\antigravity\scratch\retro-tts-app\app\src\debug\java', not found
file or directory 'C:\Users\alex\.gemini\antigravity\scratch\retro-tts-app\app\src\debug\kotlin', not found
file or directory 'C:\Users\alex\.gemini\antigravity\scratch\retro-tts-app\app\src\debug\java', not found
file or directory 'C:\Users\alex\.gemini\antigravity\scratch\retro-tts-app\app\src\main\kotlin', not found
file or directory 'C:\Users\alex\.gemini\antigravity\scratch\retro-tts-app\app\src\debug\java', not found
file or directory 'C:\Users\alex\.gemini\antigravity\scratch\retro-tts-app\app\src\debug\kotlin', not found
file or directory 'C:\Users\alex\.gemini\antigravity\scratch\retro-tts-app\app\src\debug\java', not found
file or directory 'C:\Users\alex\.gemini\antigravity\scratch\retro-tts-app\app\src\main\kotlin', not found
file or directory 'C:\Users\alex\.gemini\antigravity\scratch\retro-tts-app\app\src\debug\java', not found
file or directory 'C:\Users\alex\.gemini\antigravity\scratch\retro-tts-app\app\src\debug\kotlin', not found
file or directory 'C:\Users\alex\.gemini\antigravity\scratch\retro-tts-app\app\src\debug\java', not found
Build cache key for task ':app:compileDebugKotlin' is 16696d48237f0e92225eca895e83c3a2
Task ':app:compileDebugKotlin' is not up-to-date because:
  Task has failed previously.
The input changes require a full rebuild for incremental task ':app:compileDebugKotlin'.
file or directory 'C:\Users\alex\.gemini\antigravity\scratch\retro-tts-app\app\src\main\kotlin', not found
file or directory 'C:\Users\alex\.gemini\antigravity\scratch\retro-tts-app\app\src\main\kotlin', not found
file or directory 'C:\Users\alex\.gemini\antigravity\scratch\retro-tts-app\app\src\debug\java', not found
file or directory 'C:\Users\alex\.gemini\antigravity\scratch\retro-tts-app\app\src\debug\java', not found
file or directory 'C:\Users\alex\.gemini\antigravity\scratch\retro-tts-app\app\src\debug\kotlin', not found
file or directory 'C:\Users\alex\.gemini\antigravity\scratch\retro-tts-app\app\src\debug\kotlin', not found
file or directory 'C:\Users\alex\.gemini\antigravity\scratch\retro-tts-app\app\src\debug\java', not found
file or directory 'C:\Users\alex\.gemini\antigravity\scratch\retro-tts-app\app\src\debug\java', not found
file or directory 'C:\Users\alex\.gemini\antigravity\scratch\retro-tts-app\app\src\main\kotlin', not found
file or directory 'C:\Users\alex\.gemini\antigravity\scratch\retro-tts-app\app\src\debug\java', not found
file or directory 'C:\Users\alex\.gemini\antigravity\scratch\retro-tts-app\app\src\debug\kotlin', not found
file or directory 'C:\Users\alex\.gemini\antigravity\scratch\retro-tts-app\app\src\debug\java', not found
file or directory 'C:\Users\alex\.gemini\antigravity\scratch\retro-tts-app\app\src\main\kotlin', not found
file or directory 'C:\Users\alex\.gemini\antigravity\scratch\retro-tts-app\app\src\main\kotlin', not found
file or directory 'C:\Users\alex\.gemini\antigravity\scratch\retro-tts-app\app\src\debug\java', not found
file or directory 'C:\Users\alex\.gemini\antigravity\scratch\retro-tts-app\app\src\debug\java', not found
file or directory 'C:\Users\alex\.gemini\antigravity\scratch\retro-tts-app\app\src\debug\kotlin', not found
file or directory 'C:\Users\alex\.gemini\antigravity\scratch\retro-tts-app\app\src\debug\kotlin', not found
file or directory 'C:\Users\alex\.gemini\antigravity\scratch\retro-tts-app\app\src\debug\java', not found
file or directory 'C:\Users\alex\.gemini\antigravity\scratch\retro-tts-app\app\src\debug\java', not found
file or directory 'C:\Users\alex\.gemini\antigravity\scratch\retro-tts-app\app\src\main\kotlin', not found
file or directory 'C:\Users\alex\.gemini\antigravity\scratch\retro-tts-app\app\src\main\kotlin', not found
file or directory 'C:\Users\alex\.gemini\antigravity\scratch\retro-tts-app\app\src\debug\java', not found
file or directory 'C:\Users\alex\.gemini\antigravity\scratch\retro-tts-app\app\src\debug\java', not found
file or directory 'C:\Users\alex\.gemini\antigravity\scratch\retro-tts-app\app\src\debug\kotlin', not found
file or directory 'C:\Users\alex\.gemini\antigravity\scratch\retro-tts-app\app\src\debug\kotlin', not found
file or directory 'C:\Users\alex\.gemini\antigravity\scratch\retro-tts-app\app\src\debug\java', not found
file or directory 'C:\Users\alex\.gemini\antigravity\scratch\retro-tts-app\app\src\debug\java', not found
file or directory 'C:\Users\alex\.gemini\antigravity\scratch\retro-tts-app\app\src\main\kotlin', not found
file or directory 'C:\Users\alex\.gemini\antigravity\scratch\retro-tts-app\app\src\main\kotlin', not found
file or directory 'C:\Users\alex\.gemini\antigravity\scratch\retro-tts-app\app\src\debug\java', not found
file or directory 'C:\Users\alex\.gemini\antigravity\scratch\retro-tts-app\app\src\debug\java', not found
file or directory 'C:\Users\alex\.gemini\antigravity\scratch\retro-tts-app\app\src\debug\kotlin', not found
file or directory 'C:\Users\alex\.gemini\antigravity\scratch\retro-tts-app\app\src\debug\kotlin', not found
file or directory 'C:\Users\alex\.gemini\antigravity\scratch\retro-tts-app\app\src\debug\java', not found
file or directory 'C:\Users\alex\.gemini\antigravity\scratch\retro-tts-app\app\src\debug\java', not found
Kotlin source files: C:\Users\alex\.gemini\antigravity\scratch\retro-tts-app\app\src\main\java\com\example\retrottsapp\data\DataRepository.kt, C:\Users\alex\.gemini\antigravity\scratch\retro-tts-app\app\src\main\java\com\example\retrottsapp\MainActivity.kt, C:\Users\alex\.gemini\antigravity\scratch\retro-tts-app\app\src\main\java\com\example\retrottsapp\Navigation.kt, C:\Users\alex\.gemini\antigravity\scratch\retro-tts-app\app\src\main\java\com\example\retrottsapp\NavigationKeys.kt, C:\Users\alex\.gemini\antigravity\scratch\retro-tts-app\app\src\main\java\com\example\retrottsapp\theme\Color.kt, C:\Users\alex\.gemini\antigravity\scratch\retro-tts-app\app\src\main\java\com\example\retrottsapp\theme\Theme.kt, C:\Users\alex\.gemini\antigravity\scratch\retro-tts-app\app\src\main\java\com\example\retrottsapp\theme\Type.kt, C:\Users\alex\.gemini\antigravity\scratch\retro-tts-app\app\src\main\java\com\example\retrottsapp\ui\main\MainScreen.kt, C:\Users\alex\.gemini\antigravity\scratch\retro-tts-app\app\src\main\java\com\example\retrottsapp\ui\main\MainScreenViewModel.kt
Java source files: C:\Users\alex\.gemini\antigravity\scratch\retro-tts-app\app\src\main\java\com\reecedunn\espeak\CheckVoiceData.java, C:\Users\alex\.gemini\antigravity\scratch\retro-tts-app\app\src\main\java\com\reecedunn\espeak\DownloadVoiceData.java, C:\Users\alex\.gemini\antigravity\scratch\retro-tts-app\app\src\main\java\com\reecedunn\espeak\EspeakApp.java, C:\Users\alex\.gemini\antigravity\scratch\retro-tts-app\app\src\main\java\com\reecedunn\espeak\FileUtils.java, C:\Users\alex\.gemini\antigravity\scratch\retro-tts-app\app\src\main\java\com\reecedunn\espeak\GetSampleText.java, C:\Users\alex\.gemini\antigravity\scratch\retro-tts-app\app\src\main\java\com\reecedunn\espeak\LanguagePackManager.java, C:\Users\alex\.gemini\antigravity\scratch\retro-tts-app\app\src\main\java\com\reecedunn\espeak\LanguageSettings.java, C:\Users\alex\.gemini\antigravity\scratch\retro-tts-app\app\src\main\java\com\reecedunn\espeak\preference\ImportVoicePreference.java, C:\Users\alex\.gemini\antigravity\scratch\retro-tts-app\app\src\main\java\com\reecedunn\espeak\preference\SeekBarPreference.java, C:\Users\alex\.gemini\antigravity\scratch\retro-tts-app\app\src\main\java\com\reecedunn\espeak\preference\SpeakPunctuationPreference.java, C:\Users\alex\.gemini\antigravity\scratch\retro-tts-app\app\src\main\java\com\reecedunn\espeak\preference\SupportedLanguagesPreference.java, C:\Users\alex\.gemini\antigravity\scratch\retro-tts-app\app\src\main\java\com\reecedunn\espeak\preference\VoiceVariantPreference.java, C:\Users\alex\.gemini\antigravity\scratch\retro-tts-app\app\src\main\java\com\reecedunn\espeak\ResourceIdListAdapter.java, C:\Users\alex\.gemini\antigravity\scratch\retro-tts-app\app\src\main\java\com\reecedunn\espeak\SpeechSynthesis.java, C:\Users\alex\.gemini\antigravity\scratch\retro-tts-app\app\src\main\java\com\reecedunn\espeak\TtsService.java, C:\Users\alex\.gemini\antigravity\scratch\retro-tts-app\app\src\main\java\com\reecedunn\espeak\TtsSettingsActivity.java, C:\Users\alex\.gemini\antigravity\scratch\retro-tts-app\app\src\main\java\com\reecedunn\espeak\Voice.java, C:\Users\alex\.gemini\antigravity\scratch\retro-tts-app\app\src\main\java\com\reecedunn\espeak\VoiceSettings.java, C:\Users\alex\.gemini\antigravity\scratch\retro-tts-app\app\src\main\java\com\reecedunn\espeak\VoiceVariant.java
Script source files: 
Script file extensions: 
Using Kotlin/JVM incremental compilation
[KOTLIN] Kotlin compilation 'jdkHome' argument: C:\Program Files\Eclipse Adoptium\jdk-17.0.20.8-hotspot

> Task :app:configureCMakeDebug[arm64-v8a]
C/C++: C:\Users\alex\.gemini\antigravity\scratch\retro-tts-app\app\src\main\cpp\CMakeLists.txt debug|arm64-v8a : rebuilding JSON C:\Users\alex\.gemini\antigravity\scratch\retro-tts-app\app\.cxx\Debug\o122959i\arm64-v8a\android_gradle_build.json due to:
C/C++: C:\Users\alex\.gemini\antigravity\scratch\retro-tts-app\app\src\main\cpp\CMakeLists.txt debug|arm64-v8a : - no fingerprint file, will remove stale configuration folder
C/C++: C:\Users\alex\.gemini\antigravity\scratch\retro-tts-app\app\src\main\cpp\CMakeLists.txt debug|arm64-v8a : removing stale contents from 'C:\Users\alex\.gemini\antigravity\scratch\retro-tts-app\app\.cxx\Debug\o122959i\arm64-v8a'
C/C++: C:\Users\alex\.gemini\antigravity\scratch\retro-tts-app\app\src\main\cpp\CMakeLists.txt debug|arm64-v8a : created folder 'C:\Users\alex\.gemini\antigravity\scratch\retro-tts-app\app\.cxx\Debug\o122959i\arm64-v8a'
C/C++: C:\Users\alex\.gemini\antigravity\scratch\retro-tts-app\app\src\main\cpp\CMakeLists.txt debug|arm64-v8a : executing cmake @echo off
"C:\\Users\\alex\\AppData\\Local\\Android\\Sdk\\cmake\\3.22.1\\bin\\cmake.exe" ^
  "-HC:\\Users\\alex\\.gemini\\antigravity\\scratch\\retro-tts-app\\app\\src\\main\\cpp" ^
  "-DCMAKE_SYSTEM_NAME=Android" ^
  "-DCMAKE_EXPORT_COMPILE_COMMANDS=ON" ^
  "-DCMAKE_SYSTEM_VERSION=24" ^
  "-DANDROID_PLATFORM=android-24" ^
  "-DANDROID_ABI=arm64-v8a" ^
  "-DCMAKE_ANDROID_ARCH_ABI=arm64-v8a" ^
  "-DANDROID_NDK=C:\\Users\\alex\\AppData\\Local\\Android\\Sdk\\ndk\\28.2.13676358" ^
  "-DCMAKE_ANDROID_NDK=C:\\Users\\alex\\AppData\\Local\\Android\\Sdk\\ndk\\28.2.13676358" ^
  "-DCMAKE_TOOLCHAIN_FILE=C:\\Users\\alex\\AppData\\Local\\Android\\Sdk\\ndk\\28.2.13676358\\build\\cmake\\android.toolchain.cmake" ^
  "-DCMAKE_MAKE_PROGRAM=C:\\Users\\alex\\AppData\\Local\\Android\\Sdk\\cmake\\3.22.1\\bin\\ninja.exe" ^
  "-DCMAKE_CXX_FLAGS=-std=c++17" ^
  "-DCMAKE_LIBRARY_OUTPUT_DIRECTORY=C:\\Users\\alex\\.gemini\\antigravity\\scratch\\retro-tts-app\\app\\build\\intermediates\\cxx\\Debug\\o122959i\\obj\\arm64-v8a" ^
  "-DCMAKE_RUNTIME_OUTPUT_DIRECTORY=C:\\Users\\alex\\.gemini\\antigravity\\scratch\\retro-tts-app\\app\\build\\intermediates\\cxx\\Debug\\o122959i\\obj\\arm64-v8a" ^
  "-DCMAKE_BUILD_TYPE=Debug" ^
  "-BC:\\Users\\alex\\.gemini\\antigravity\\scratch\\retro-tts-app\\app\\.cxx\\Debug\\o122959i\\arm64-v8a" ^
  -GNinja

C/C++: C:\Users\alex\.gemini\antigravity\scratch\retro-tts-app\app\src\main\cpp\CMakeLists.txt debug|arm64-v8a : @echo off
"C:\\Users\\alex\\AppData\\Local\\Android\\Sdk\\cmake\\3.22.1\\bin\\cmake.exe" ^
  "-HC:\\Users\\alex\\.gemini\\antigravity\\scratch\\retro-tts-app\\app\\src\\main\\cpp" ^
  "-DCMAKE_SYSTEM_NAME=Android" ^
  "-DCMAKE_EXPORT_COMPILE_COMMANDS=ON" ^
  "-DCMAKE_SYSTEM_VERSION=24" ^
  "-DANDROID_PLATFORM=android-24" ^
  "-DANDROID_ABI=arm64-v8a" ^
  "-DCMAKE_ANDROID_ARCH_ABI=arm64-v8a" ^
  "-DANDROID_NDK=C:\\Users\\alex\\AppData\\Local\\Android\\Sdk\\ndk\\28.2.13676358" ^
  "-DCMAKE_ANDROID_NDK=C:\\Users\\alex\\AppData\\Local\\Android\\Sdk\\ndk\\28.2.13676358" ^
  "-DCMAKE_TOOLCHAIN_FILE=C:\\Users\\alex\\AppData\\Local\\Android\\Sdk\\ndk\\28.2.13676358\\build\\cmake\\android.toolchain.cmake" ^
  "-DCMAKE_MAKE_PROGRAM=C:\\Users\\alex\\AppData\\Local\\Android\\Sdk\\cmake\\3.22.1\\bin\\ninja.exe" ^
  "-DCMAKE_CXX_FLAGS=-std=c++17" ^
  "-DCMAKE_LIBRARY_OUTPUT_DIRECTORY=C:\\Users\\alex\\.gemini\\antigravity\\scratch\\retro-tts-app\\app\\build\\intermediates\\cxx\\Debug\\o122959i\\obj\\arm64-v8a" ^
  "-DCMAKE_RUNTIME_OUTPUT_DIRECTORY=C:\\Users\\alex\\.gemini\\antigravity\\scratch\\retro-tts-app\\app\\build\\intermediates\\cxx\\Debug\\o122959i\\obj\\arm64-v8a" ^
  "-DCMAKE_BUILD_TYPE=Debug" ^
  "-BC:\\Users\\alex\\.gemini\\antigravity\\scratch\\retro-tts-app\\app\\.cxx\\Debug\\o122959i\\arm64-v8a" ^
  -GNinja

Starting process 'command 'C:\Users\alex\AppData\Local\Android\Sdk\cmake\3.22.1\bin\cmake.exe''. Working directory: C:\Users\alex\.gemini\antigravity\scratch\retro-tts-app\app Command: C:\Users\alex\AppData\Local\Android\Sdk\cmake\3.22.1\bin\cmake.exe -HC:\Users\alex\.gemini\antigravity\scratch\retro-tts-app\app\src\main\cpp -DCMAKE_SYSTEM_NAME=Android -DCMAKE_EXPORT_COMPILE_COMMANDS=ON -DCMAKE_SYSTEM_VERSION=24 -DANDROID_PLATFORM=android-24 -DANDROID_ABI=arm64-v8a -DCMAKE_ANDROID_ARCH_ABI=arm64-v8a -DANDROID_NDK=C:\Users\alex\AppData\Local\Android\Sdk\ndk\28.2.13676358 -DCMAKE_ANDROID_NDK=C:\Users\alex\AppData\Local\Android\Sdk\ndk\28.2.13676358 -DCMAKE_TOOLCHAIN_FILE=C:\Users\alex\AppData\Local\Android\Sdk\ndk\28.2.13676358\build\cmake\android.toolchain.cmake -DCMAKE_MAKE_PROGRAM=C:\Users\alex\AppData\Local\Android\Sdk\cmake\3.22.1\bin\ninja.exe -DCMAKE_CXX_FLAGS=-std=c++17 -DCMAKE_LIBRARY_OUTPUT_DIRECTORY=C:\Users\alex\.gemini\antigravity\scratch\retro-tts-app\app\build\intermediates\cxx\Debug\o122959i\obj\arm64-v8a -DCMAKE_RUNTIME_OUTPUT_DIRECTORY=C:\Users\alex\.gemini\antigravity\scratch\retro-tts-app\app\build\intermediates\cxx\Debug\o122959i\obj\arm64-v8a -DCMAKE_BUILD_TYPE=Debug -BC:\Users\alex\.gemini\antigravity\scratch\retro-tts-app\app\.cxx\Debug\o122959i\arm64-v8a -GNinja
Successfully started process 'command 'C:\Users\alex\AppData\Local\Android\Sdk\cmake\3.22.1\bin\cmake.exe''
C/C++: C:\Users\alex\.gemini\antigravity\scratch\retro-tts-app\app\src\main\cpp\CMakeLists.txt debug|arm64-v8a : Received process result: 0
C/C++: C:\Users\alex\.gemini\antigravity\scratch\retro-tts-app\app\src\main\cpp\CMakeLists.txt debug|arm64-v8a : Exiting generation of C:\Users\alex\.gemini\antigravity\scratch\retro-tts-app\app\.cxx\Debug\o122959i\arm64-v8a\compile_commands.json.bin normally
C/C++: C:\Users\alex\.gemini\antigravity\scratch\retro-tts-app\app\src\main\cpp\CMakeLists.txt debug|arm64-v8a : done executing cmake
C/C++: C:\Users\alex\.gemini\antigravity\scratch\retro-tts-app\app\src\main\cpp\CMakeLists.txt debug|arm64-v8a : hard linked C:\Users\alex\.gemini\antigravity\scratch\retro-tts-app\app\.cxx\Debug\o122959i\arm64-v8a\compile_commands.json to C:\Users\alex\.gemini\antigravity\scratch\retro-tts-app\app\.cxx\tools\debug\arm64-v8a\compile_commands.json
C/C++: C:\Users\alex\.gemini\antigravity\scratch\retro-tts-app\app\src\main\cpp\CMakeLists.txt debug|arm64-v8a : JSON generation completed without problems
C/C++: C:\Users\alex\.gemini\antigravity\scratch\retro-tts-app\app\src\main\cpp\CMakeLists.txt debug|arm64-v8a : Writing build model to C:\Users\alex\.gemini\antigravity\scratch\retro-tts-app\app\build\intermediates\cxx\Debug\o122959i\logs\arm64-v8a\build_model.json
Resolve mutations for :app:buildCMakeDebug[arm64-v8a] (Thread[Execution worker Thread 5,5,main]) started.
:app:buildCMakeDebug[arm64-v8a] (Thread[Execution worker Thread 5,5,main]) started.

> Task :app:compileDebugKotlin
i: cannot connect to registry: Connection refused: connect
i: cannot connect to registry: Connection refused: connect
i: cannot connect to registry: Connection refused: connect
i: starting the daemon as: C:\Program Files\Eclipse Adoptium\jdk-17.0.20.8-hotspot\bin\java -cp C:\Users\alex\.gradle\caches\modules-2\files-2.1\org.jetbrains.kotlin\kotlin-build-tools-compat\2.3.20\649d59d16f0dc2427cc900a8b003496ad39aaa33\kotlin-build-tools-compat-2.3.20.jar;C:\Users\alex\.gradle\caches\modules-2\files-2.1\org.jetbrains.kotlin\kotlin-build-tools-impl\2.3.20\90a14213a621db275bf64e605e6c849d482656be\kotlin-build-tools-impl-2.3.20.jar;C:\Users\alex\.gradle\caches\modules-2\files-2.1\org.jetbrains.kotlin\kotlin-tooling-core\2.3.20\7a050c09910ee587944bc2a7413e2d97d751f647\kotlin-tooling-core-2.3.20.jar;C:\Users\alex\.gradle\caches\modules-2\files-2.1\org.jetbrains.kotlin\kotlin-build-tools-cri-impl\2.3.20\52abdf3a26f3f71b94b90b45ad54f6a64610dcba\kotlin-build-tools-cri-impl-2.3.20.jar;C:\Users\alex\.gradle\caches\modules-2\files-2.1\org.jetbrains.kotlin\kotlin-build-tools-api\2.3.20\9d10b958f69ea67132d24ce9c759cf60465f29a5\kotlin-build-tools-api-2.3.20.jar;C:\Users\alex\.gradle\caches\modules-2\files-2.1\org.jetbrains.kotlin\kotlin-compiler-runner\2.3.20\11f74384a212c68bb6eb18ab6cd2cdf6354901b8\kotlin-compiler-runner-2.3.20.jar;C:\Users\alex\.gradle\caches\modules-2\files-2.1\org.jetbrains.kotlin\kotlin-compiler-embeddable\2.3.20\2fac4210c52c27b244305d60b0906e831f49be\kotlin-compiler-embeddable-2.3.20.jar;C:\Users\alex\.gradle\caches\modules-2\files-2.1\org.jetbrains.kotlin\kotlin-daemon-client\2.3.20\d1f3f5c2efb2ed264dd3dfaf3ae8a581cbf47138\kotlin-daemon-client-2.3.20.jar;C:\Users\alex\.gradle\caches\modules-2\files-2.1\org.jetbrains.kotlin\kotlin-stdlib\2.3.20\ed866de74ad3d49086a27bbd75952cd186479436\kotlin-stdlib-2.3.20.jar;C:\Users\alex\.gradle\caches\modules-2\files-2.1\org.jetbrains\annotations\13.0\919f0dfe192fb4e063e7dacadee7f8bb9a2672a9\annotations-13.0.jar;C:\Users\alex\.gradle\caches\modules-2\files-2.1\org.jetbrains.kotlin\kotlin-script-runtime\2.3.20\4831ca1fea87f25bf39891ff56327b23b18c9bfa\kotlin-script-runtime-2.3.20.jar;C:\Users\alex\.gradle\caches\modules-2\files-2.1\org.jetbrains.kotlin\kotlin-reflect\1.6.10\1cbe9c92c12a94eea200d23c2bbaedaf3daf5132\kotlin-reflect-1.6.10.jar;C:\Users\alex\.gradle\caches\modules-2\files-2.1\org.jetbrains.kotlin\kotlin-daemon-embeddable\2.3.20\92a638246f2a388e2ccf43784623b1c685c93ab8\kotlin-daemon-embeddable-2.3.20.jar;C:\Users\alex\.gradle\caches\modules-2\files-2.1\org.jetbrains.kotlinx\kotlinx-coroutines-core-jvm\1.8.0\ac1dc37a30a93150b704022f8d895ee1bd3a36b3\kotlinx-coroutines-core-jvm-1.8.0.jar -Djava.awt.headless=true -Djava.rmi.server.hostname=127.0.0.1 -Xmx2048m -XX:ReservedCodeCacheSize=320m -ea -Dkotlin.daemon.custom.run.files.path.for.tests=C:\Users\alex\AppData\Local\kotlin\daemon -XX:+UseCodeCacheFlushing -XX:+UseParallelGC -Dkotlin.daemon.initiator.marker.file=C:\Users\alex\AppData\Local\Temp\kotlin-compiler-client-14787202106065497278-is-running --add-exports java.base/sun.nio.ch=ALL-UNNAMED org.jetbrains.kotlin.daemon.KotlinCompileDaemon --daemon-runFilesPath C:\Users\alex\AppData\Local\kotlin\daemon --daemon-autoshutdownIdleSeconds=7200 --daemon-compilerClasspath C:\Users\alex\.gradle\caches\modules-2\files-2.1\org.jetbrains.kotlin\kotlin-build-tools-compat\2.3.20\649d59d16f0dc2427cc900a8b003496ad39aaa33\kotlin-build-tools-compat-2.3.20.jar;C:\Users\alex\.gradle\caches\modules-2\files-2.1\org.jetbrains.kotlin\kotlin-build-tools-impl\2.3.20\90a14213a621db275bf64e605e6c849d482656be\kotlin-build-tools-impl-2.3.20.jar;C:\Users\alex\.gradle\caches\modules-2\files-2.1\org.jetbrains.kotlin\kotlin-tooling-core\2.3.20\7a050c09910ee587944bc2a7413e2d97d751f647\kotlin-tooling-core-2.3.20.jar;C:\Users\alex\.gradle\caches\modules-2\files-2.1\org.jetbrains.kotlin\kotlin-build-tools-cri-impl\2.3.20\52abdf3a26f3f71b94b90b45ad54f6a64610dcba\kotlin-build-tools-cri-impl-2.3.20.jar;C:\Users\alex\.gradle\caches\modules-2\files-2.1\org.jetbrains.kotlin\kotlin-build-tools-api\2.3.20\9d10b958f69ea67132d24ce9c759cf60465f29a5\kotlin-build-tools-api-2.3.20.jar;C:\Users\alex\.gradle\caches\modules-2\files-2.1\org.jetbrains.kotlin\kotlin-compiler-runner\2.3.20\11f74384a212c68bb6eb18ab6cd2cdf6354901b8\kotlin-compiler-runner-2.3.20.jar;C:\Users\alex\.gradle\caches\modules-2\files-2.1\org.jetbrains.kotlin\kotlin-compiler-embeddable\2.3.20\2fac4210c52c27b244305d60b0906e831f49be\kotlin-compiler-embeddable-2.3.20.jar;C:\Users\alex\.gradle\caches\modules-2\files-2.1\org.jetbrains.kotlin\kotlin-daemon-client\2.3.20\d1f3f5c2efb2ed264dd3dfaf3ae8a581cbf47138\kotlin-daemon-client-2.3.20.jar;C:\Users\alex\.gradle\caches\modules-2\files-2.1\org.jetbrains.kotlin\kotlin-stdlib\2.3.20\ed866de74ad3d49086a27bbd75952cd186479436\kotlin-stdlib-2.3.20.jar;C:\Users\alex\.gradle\caches\modules-2\files-2.1\org.jetbrains\annotations\13.0\919f0dfe192fb4e063e7dacadee7f8bb9a2672a9\annotations-13.0.jar;C:\Users\alex\.gradle\caches\modules-2\files-2.1\org.jetbrains.kotlin\kotlin-script-runtime\2.3.20\4831ca1fea87f25bf39891ff56327b23b18c9bfa\kotlin-script-runtime-2.3.20.jar;C:\Users\alex\.gradle\caches\modules-2\files-2.1\org.jetbrains.kotlin\kotlin-reflect\1.6.10\1cbe9c92c12a94eea200d23c2bbaedaf3daf5132\kotlin-reflect-1.6.10.jar;C:\Users\alex\.gradle\caches\modules-2\files-2.1\org.jetbrains.kotlin\kotlin-daemon-embeddable\2.3.20\92a638246f2a388e2ccf43784623b1c685c93ab8\kotlin-daemon-embeddable-2.3.20.jar;C:\Users\alex\.gradle\caches\modules-2\files-2.1\org.jetbrains.kotlinx\kotlinx-coroutines-core-jvm\1.8.0\ac1dc37a30a93150b704022f8d895ee1bd3a36b3\kotlinx-coroutines-core-jvm-1.8.0.jar
i: #1 retrying connecting to the daemon 
i: cannot connect to registry: Connection refused: connect
i: cannot connect to registry: Connection refused: connect
i: cannot connect to registry: Connection refused: connect
i: Options for KOTLIN DAEMON: IncrementalCompilationOptions(super=CompilationOptions(compilerMode=INCREMENTAL_COMPILER, targetPlatform=JVM, reportCategories=[0], reportSeverity=2, requestedCompilationResults=[0], kotlinScriptExtensions=[], generateCompilerRefIndex=false), sourceChanges=org.jetbrains.kotlin.buildtools.api.SourcesChanges$Unknown@412537ab, classpathChanges=NotAvailableDueToMissingClasspathSnapshot, workingDir=C:\Users\alex\.gemini\antigravity\scratch\retro-tts-app\app\build\kotlin\compileDebugKotlin\cacheable, multiModuleICSettings=null, icFeatures=IncrementalCompilationFeatures(usePreciseJavaTracking=true, withAbiSnapshot=false, preciseCompilationResultsBackup=true, keepIncrementalCompilationCachesInMemory=true, enableUnsafeIncrementalCompilationForMultiplatform=false, enableMonotonousIncrementalCompileSetExpansion=true), outputFiles=[C:\Users\alex\.gemini\antigravity\scratch\retro-tts-app\app\build\intermediates\built_in_kotlinc\debug\compileDebugKotlin\classes, C:\Users\alex\.gemini\antigravity\scratch\retro-tts-app\app\build\kotlin\compileDebugKotlin\cacheable, C:\Users\alex\.gemini\antigravity\scratch\retro-tts-app\app\build\kotlin\compileDebugKotlin\local-state])

> Task :app:buildCMakeDebug[arm64-v8a] FAILED
Deleting stale output file: C:\Users\alex\.gemini\antigravity\scratch\retro-tts-app\app\build\intermediates\cxx\Debug\o122959i\obj\arm64-v8a
Caching disabled for task ':app:buildCMakeDebug[arm64-v8a]' because:
  Caching has been disabled for the task
Task ':app:buildCMakeDebug[arm64-v8a]' is not up-to-date because:
  Task.upToDateWhen is false.
C/C++: starting build
C/C++: reading expected JSONs
C/C++: done reading expected JSONs
C/C++: executing build commands for targets that produce .so files or executables
C/C++: evaluate miniconfig
C/C++: evaluate library dtc (arm64-v8a)
C/C++: not building target library dtc because static libraries are not build by default.
C/C++: evaluate library say (arm64-v8a)
C/C++: building target executable say because no targets are specified.
C/C++: evaluate library retro-tts (arm64-v8a)
C/C++: building target library retro-tts because no targets are specified.
C/C++: about to build targets retro-tts, say
C/C++: Build multiple targets say_arm64-v8a retro-tts_arm64-v8a
C/C++: @echo off
"C:\\Users\\alex\\AppData\\Local\\Android\\Sdk\\cmake\\3.22.1\\bin\\ninja.exe" ^
  -C ^
  "C:\\Users\\alex\\.gemini\\antigravity\\scratch\\retro-tts-app\\app\\.cxx\\Debug\\o122959i\\arm64-v8a" ^
  retro-tts ^
  say

Starting process 'command 'C:\Users\alex\AppData\Local\Android\Sdk\cmake\3.22.1\bin\ninja.exe''. Working directory: C:\Users\alex\.gemini\antigravity\scratch\retro-tts-app\app Command: C:\Users\alex\AppData\Local\Android\Sdk\cmake\3.22.1\bin\ninja.exe -C C:\Users\alex\.gemini\antigravity\scratch\retro-tts-app\app\.cxx\Debug\o122959i\arm64-v8a retro-tts say
Successfully started process 'command 'C:\Users\alex\AppData\Local\Android\Sdk\cmake\3.22.1\bin\ninja.exe''
C/C++: ninja: Entering directory `C:\Users\alex\.gemini\antigravity\scratch\retro-tts-app\app\.cxx\Debug\o122959i\arm64-v8a'
C/C++: C:\Users\alex\AppData\Local\Android\Sdk\ndk\28.2.13676358\toolchains\llvm\prebuilt\windows-x86_64\bin\clang.exe --target=aarch64-none-linux-android24 --sysroot=C:/Users/alex/AppData/Local/Android/Sdk/ndk/28.2.13676358/toolchains/llvm/prebuilt/windows-x86_64/sysroot -DACCESS32 -DACNA -DANSI -DBLD_DECTALK_DLL -DDISABLE_AUDIO -DDT_EXTERN="" -DENGLISH -DENGLISH_US -DLIKE_43_OR_44 -DLTSSIM -DNOMME -DSINGLE_THREADED -DTTSSIM -DTYPING_MODE -D_REENTRANT -IC:/Users/alex/.gemini/antigravity/scratch/retro-tts-app/app/src/main/cpp/dectalk_repo/include -g -DANDROID -fdata-sections -ffunction-sections -funwind-tables -fstack-protector-strong -no-canonical-prefixes -D_FORTIFY_SOURCE=2 -Wformat -Werror=format-security  -fno-limit-debug-info  -fPIC -MD -MT dectalk_repo/CMakeFiles/dtc.dir/src/charset.c.o -MF dectalk_repo\CMakeFiles\dtc.dir\src\charset.c.o.d -o dectalk_repo/CMakeFiles/dtc.dir/src/charset.c.o -c C:/Users/alex/.gemini/antigravity/scratch/retro-tts-app/app/src/main/cpp/dectalk_repo/src/charset.c
C/C++: C:/Users/alex/.gemini/antigravity/scratch/retro-tts-app/app/src/main/cpp/dectalk_repo/src/charset.c:22:7: error: call to undeclared function 'iconv_open'; ISO C99 and later do not support implicit function declarations [-Wimplicit-function-declaration]
C/C++:    22 |         cd = iconv_open("Windows-1252//TRANSLIT//IGNORE", nl_langinfo(CODESET));
C/C++:       |              ^
C/C++: C:/Users/alex/.gemini/antigravity/scratch/retro-tts-app/app/src/main/cpp/dectalk_repo/src/charset.c:22:52: error: call to undeclared function 'nl_langinfo'; ISO C99 and later do not support implicit function declarations [-Wimplicit-function-declaration]
C/C++:    22 |         cd = iconv_open("Windows-1252//TRANSLIT//IGNORE", nl_langinfo(CODESET));
C/C++:       |                                                           ^
C/C++: C:/Users/alex/.gemini/antigravity/scratch/retro-tts-app/app/src/main/cpp/dectalk_repo/src/charset.c:22:5: error: incompatible integer to pointer conversion assigning to 'iconv_t' (aka 'struct __iconv_t *') from 'int' [-Wint-conversion]
C/C++:    22 |         cd = iconv_open("Windows-1252//TRANSLIT//IGNORE", nl_langinfo(CODESET));
C/C++:       |            ^ ~~~~~~~~~~~~~~~~~~~~~~~~~~~~~~~~~~~~~~~~~~~~~~~~~~~~~~~~~~~~~~~~~~
C/C++: C:/Users/alex/.gemini/antigravity/scratch/retro-tts-app/app/src/main/cpp/dectalk_repo/src/charset.c:23:24: error: incompatible integer to pointer conversion assigning to 'iconv_t' (aka 'struct __iconv_t *') from 'int' [-Wint-conversion]
C/C++:    23 |         if((long)cd == -1) cd = iconv_open("ISO-8859-15//TRANSLIT//IGNORE", nl_langinfo(CODESET));
C/C++:       |                               ^ ~~~~~~~~~~~~~~~~~~~~~~~~~~~~~~~~~~~~~~~~~~~~~~~~~~~~~~~~~~~~~~~~~
C/C++: C:/Users/alex/.gemini/antigravity/scratch/retro-tts-app/app/src/main/cpp/dectalk_repo/src/charset.c:24:24: error: incompatible integer to pointer conversion assigning to 'iconv_t' (aka 'struct __iconv_t *') from 'int' [-Wint-conversion]
C/C++:    24 |         if((long)cd == -1) cd = iconv_open("ISO-8859-1//TRANSLIT//IGNORE", nl_langinfo(CODESET));
C/C++:       |                               ^ ~~~~~~~~~~~~~~~~~~~~~~~~~~~~~~~~~~~~~~~~~~~~~~~~~~~~~~~~~~~~~~~~
C/C++: C:/Users/alex/.gemini/antigravity/scratch/retro-tts-app/app/src/main/cpp/dectalk_repo/src/charset.c:25:24: error: incompatible integer to pointer conversion assigning to 'iconv_t' (aka 'struct __iconv_t *') from 'int' [-Wint-conversion]
C/C++:    25 |         if((long)cd == -1) cd = iconv_open("Windows-1252", nl_langinfo(CODESET));
C/C++:       |                               ^ ~~~~~~~~~~~~~~~~~~~~~~~~~~~~~~~~~~~~~~~~~~~~~~~~
C/C++: C:/Users/alex/.gemini/antigravity/scratch/retro-tts-app/app/src/main/cpp/dectalk_repo/src/charset.c:26:24: error: incompatible integer to pointer conversion assigning to 'iconv_t' (aka 'struct __iconv_t *') from 'int' [-Wint-conversion]
C/C++:    26 |         if((long)cd == -1) cd = iconv_open("ISO-8859-15", nl_langinfo(CODESET));
C/C++:       |                               ^ ~~~~~~~~~~~~~~~~~~~~~~~~~~~~~~~~~~~~~~~~~~~~~~~
C/C++: C:/Users/alex/.gemini/antigravity/scratch/retro-tts-app/app/src/main/cpp/dectalk_repo/src/charset.c:27:24: error: incompatible integer to pointer conversion assigning to 'iconv_t' (aka 'struct __iconv_t *') from 'int' [-Wint-conversion]
C/C++:    27 |         if((long)cd == -1) cd = iconv_open("ISO-8859-1", nl_langinfo(CODESET));
C/C++:       |                               ^ ~~~~~~~~~~~~~~~~~~~~~~~~~~~~~~~~~~~~~~~~~~~~~~
C/C++: C:/Users/alex/.gemini/antigravity/scratch/retro-tts-app/app/src/main/cpp/dectalk_repo/src/charset.c:53:11: error: call to undeclared function 'iconv'; ISO C99 and later do not support implicit function declarations [-Wimplicit-function-declaration]
C/C++:    53 |                 r     = iconv(cd, &in, &inleft, &outp, &outleft);
C/C++:       |                         ^
C/C++: C:/Users/alex/.gemini/antigravity/scratch/retro-tts-app/app/src/main/cpp/dectalk_repo/src/charset.c:76:2: error: call to undeclared function 'iconv'; ISO C99 and later do not support implicit function declarations [-Wimplicit-function-declaration]
C/C++:    76 |         iconv(cd, NULL, NULL, NULL, NULL);
C/C++:       |         ^
C/C++: 10 errors generated.
C/C++: C:/Users/alex/.gemini/antigravity/scratch/retro-tts-app/app/src/main/cpp/dectalk_repo/src/cm_text.c:438:11: warning: initializing 'char *' with an expression of type 'unsigned char *' converts between pointers to integer types where one is of the unique plain 'char' type and the other is not [-Wpointer-sign]
C/C++:   438 |                                 char* word = cm_text_get_word(pCmd_t->prevword, pCmd_t->wordbuf, 1);
C/C++:       |                                       ^      ~~~~~~~~~~~~~~~~~~~~~~~~~~~~~~~~~~~~~~~~~~~~~~~~~~~~~~
C/C++: C:/Users/alex/.gemini/antigravity/scratch/retro-tts-app/app/src/main/cpp/dectalk_repo/src/cm_text.c:483:16: warning: passing 'unsigned char[36]' to parameter of type 'const char *' converts between pointers to integer types where one is of the unique plain 'char' type and the other is not [-Wpointer-sign]
C/C++:   483 |                    (!strncmp(header_buff, header1, 4) ||
C/C++:       |                              ^~~~~~~~~~~
C/C++: C:/Users/alex/AppData/Local/Android/Sdk/ndk/28.2.13676358/toolchains/llvm/prebuilt/windows-x86_64/sysroot/usr/include/string.h:196:34: note: passing argument to parameter '__lhs' here
C/C++:   196 | int strncmp(const char* _Nonnull __lhs, const char* _Nonnull __rhs, size_t __n) __attribute_pure__;
C/C++:       |                                  ^
C/C++: C:/Users/alex/.gemini/antigravity/scratch/retro-tts-app/app/src/main/cpp/dectalk_repo/src/cm_text.c:483:29: warning: passing 'unsigned char[5]' to parameter of type 'const char *' converts between pointers to integer types where one is of the unique plain 'char' type and the other is not [-Wpointer-sign]
C/C++:   483 |                    (!strncmp(header_buff, header1, 4) ||
C/C++:       |                                           ^~~~~~~
C/C++: C:/Users/alex/AppData/Local/Android/Sdk/ndk/28.2.13676358/toolchains/llvm/prebuilt/windows-x86_64/sysroot/usr/include/string.h:196:62: note: passing argument to parameter '__rhs' here
C/C++:   196 | int strncmp(const char* _Nonnull __lhs, const char* _Nonnull __rhs, size_t __n) __attribute_pure__;
C/C++:       |                                                              ^
C/C++: C:/Users/alex/.gemini/antigravity/scratch/retro-tts-app/app/src/main/cpp/dectalk_repo/src/cm_text.c:484:16: warning: passing 'unsigned char[36]' to parameter of type 'const char *' converts between pointers to integer types where one is of the unique plain 'char' type and the other is not [-Wpointer-sign]
C/C++:   484 |                     !strncmp(header_buff, header2, 12) ||
C/C++:       |                              ^~~~~~~~~~~
C/C++: C:/Users/alex/AppData/Local/Android/Sdk/ndk/28.2.13676358/toolchains/llvm/prebuilt/windows-x86_64/sysroot/usr/include/string.h:196:34: note: passing argument to parameter '__lhs' here
C/C++:   196 | int strncmp(const char* _Nonnull __lhs, const char* _Nonnull __rhs, size_t __n) __attribute_pure__;
C/C++:       |                                  ^
C/C++: C:/Users/alex/.gemini/antigravity/scratch/retro-tts-app/app/src/main/cpp/dectalk_repo/src/cm_text.c:484:29: warning: passing 'unsigned char[13]' to parameter of type 'const char *' converts between pointers to integer types where one is of the unique plain 'char' type and the other is not [-Wpointer-sign]
C/C++:   484 |                     !strncmp(header_buff, header2, 12) ||
C/C++:       |                                           ^~~~~~~
C/C++: C:/Users/alex/AppData/Local/Android/Sdk/ndk/28.2.13676358/toolchains/llvm/prebuilt/windows-x86_64/sysroot/usr/include/string.h:196:62: note: passing argument to parameter '__rhs' here
C/C++:   196 | int strncmp(const char* _Nonnull __lhs, const char* _Nonnull __rhs, size_t __n) __attribute_pure__;
C/C++:       |                                                              ^
C/C++: C:/Users/alex/.gemini/antigravity/scratch/retro-tts-app/app/src/main/cpp/dectalk_repo/src/cm_text.c:485:16: warning: passing 'unsigned char[36]' to parameter of type 'const char *' converts between pointers to integer types where one is of the unique plain 'char' type and the other is not [-Wpointer-sign]
C/C++:   485 |                     !strncmp(header_buff, header3, 15) ||
C/C++:       |                              ^~~~~~~~~~~
C/C++: C:/Users/alex/AppData/Local/Android/Sdk/ndk/28.2.13676358/toolchains/llvm/prebuilt/windows-x86_64/sysroot/usr/include/string.h:196:34: note: passing argument to parameter '__lhs' here
C/C++:   196 | int strncmp(const char* _Nonnull __lhs, const char* _Nonnull __rhs, size_t __n) __attribute_pure__;
C/C++:       |                                  ^
C/C++: C:/Users/alex/.gemini/antigravity/scratch/retro-tts-app/app/src/main/cpp/dectalk_repo/src/cm_text.c:485:29: warning: passing 'unsigned char[16]' to parameter of type 'const char *' converts between pointers to integer types where one is of the unique plain 'char' type and the other is not [-Wpointer-sign]
C/C++:   485 |                     !strncmp(header_buff, header3, 15) ||
C/C++:       |                                           ^~~~~~~
C/C++: C:/Users/alex/AppData/Local/Android/Sdk/ndk/28.2.13676358/toolchains/llvm/prebuilt/windows-x86_64/sysroot/usr/include/string.h:196:62: note: passing argument to parameter '__rhs' here
C/C++:   196 | int strncmp(const char* _Nonnull __lhs, const char* _Nonnull __rhs, size_t __n) __attribute_pure__;
C/C++:       |                                                              ^
C/C++: C:/Users/alex/.gemini/antigravity/scratch/retro-tts-app/app/src/main/cpp/dectalk_repo/src/cm_text.c:486:16: warning: passing 'unsigned char[36]' to parameter of type 'const char *' converts between pointers to integer types where one is of the unique plain 'char' type and the other is not [-Wpointer-sign]
C/C++:   486 |                     !strncmp(header_buff, header4, 11))) {
C/C++:       |                              ^~~~~~~~~~~
C/C++: C:/Users/alex/AppData/Local/Android/Sdk/ndk/28.2.13676358/toolchains/llvm/prebuilt/windows-x86_64/sysroot/usr/include/string.h:196:34: note: passing argument to parameter '__lhs' here
C/C++:   196 | int strncmp(const char* _Nonnull __lhs, const char* _Nonnull __rhs, size_t __n) __attribute_pure__;
C/C++:       |                                  ^
C/C++: C:/Users/alex/.gemini/antigravity/scratch/retro-tts-app/app/src/main/cpp/dectalk_repo/src/cm_text.c:486:29: warning: passing 'unsigned char[12]' to parameter of type 'const char *' converts between pointers to integer types where one is of the unique plain 'char' type and the other is not [-Wpointer-sign]
C/C++:   486 |                     !strncmp(header_buff, header4, 11))) {
C/C++:       |                                           ^~~~~~~
C/C++: C:/Users/alex/AppData/Local/Android/Sdk/ndk/28.2.13676358/toolchains/llvm/prebuilt/windows-x86_64/sysroot/usr/include/string.h:196:62: note: passing argument to parameter '__rhs' here
C/C++:   196 | int strncmp(const char* _Nonnull __lhs, const char* _Nonnull __rhs, size_t __n) __attribute_pure__;
C/C++:       |                                                              ^
C/C++: C:/Users/alex/.gemini/antigravity/scratch/retro-tts-app/app/src/main/cpp/dectalk_repo/src/cm_text.c:539:11: warning: passing 'unsigned char[600]' to parameter of type 'char *' converts between pointers to integer types where one is of the unique plain 'char' type and the other is not [-Wpointer-sign]
C/C++:   539 |                         strcpy(pCmd_t->output_buf, pCmd_t->clausebuf);
C/C++:       |                                ^~~~~~~~~~~~~~~~~~
C/C++: C:/Users/alex/AppData/Local/Android/Sdk/ndk/28.2.13676358/toolchains/llvm/prebuilt/windows-x86_64/sysroot/usr/include/bits/fortify/string.h:97:44: note: passing argument to parameter 'dst' here
C/C++:    97 | char* _Nonnull strcpy(char* _Nonnull const dst __pass_object_size, const char* _Nonnull src)
C/C++:       |                                            ^
C/C++: C:/Users/alex/.gemini/antigravity/scratch/retro-tts-app/app/src/main/cpp/dectalk_repo/src/cm_text.c:539:31: warning: passing 'unsigned char[600]' to parameter of type 'const char * _Nonnull' converts between pointers to integer types where one is of the unique plain 'char' type and the other is not [-Wpointer-sign]
C/C++:   539 |                         strcpy(pCmd_t->output_buf, pCmd_t->clausebuf);
C/C++:       |                                                    ^~~~~~~~~~~~~~~~~
C/C++: C:/Users/alex/AppData/Local/Android/Sdk/ndk/28.2.13676358/toolchains/llvm/prebuilt/windows-x86_64/sysroot/usr/include/bits/fortify/string.h:97:89: note: passing argument to parameter 'src' here
C/C++:    97 | char* _Nonnull strcpy(char* _Nonnull const dst __pass_object_size, const char* _Nonnull src)
C/C++:       |                                                                                         ^
C/C++: C:/Users/alex/.gemini/antigravity/scratch/retro-tts-app/app/src/main/cpp/dectalk_repo/src/cm_text.c:560:28: warning: passing 'unsigned char[600]' to parameter of type 'const char *' converts between pointers to integer types where one is of the unique plain 'char' type and the other is not [-Wpointer-sign]
C/C++:   560 |                                         for(k = 0; k < strlen(pCmd_t->clausebuf); k++) {
C/C++:       |                                                               ^~~~~~~~~~~~~~~~~
C/C++: C:/Users/alex/AppData/Local/Android/Sdk/ndk/28.2.13676358/toolchains/llvm/prebuilt/windows-x86_64/sysroot/usr/include/bits/fortify/string.h:233:98: note: passing argument to parameter 's' here
C/C++:   233 | extern __always_inline __inline__ __attribute__((gnu_inline)) size_t strlen(const char* _Nonnull s) {
C/C++:       |                                                                                                  ^
C/C++: C:/Users/alex/.gemini/antigravity/scratch/retro-tts-app/app/src/main/cpp/dectalk_repo/src/cm_text.c:593:28: warning: passing 'unsigned char[600]' to parameter of type 'const char *' converts between pointers to integer types where one is of the unique plain 'char' type and the other is not [-Wpointer-sign]
C/C++:   593 |                                         for(k = 0; k < strlen(pCmd_t->output_buf); k++) {
C/C++:       |                                                               ^~~~~~~~~~~~~~~~~~
C/C++: C:/Users/alex/AppData/Local/Android/Sdk/ndk/28.2.13676358/toolchains/llvm/prebuilt/windows-x86_64/sysroot/usr/include/bits/fortify/string.h:233:98: note: passing argument to parameter 's' here
C/C++:   233 | extern __always_inline __inline__ __attribute__((gnu_inline)) size_t strlen(const char* _Nonnull s) {
C/C++:       |                                                                                                  ^
C/C++: C:/Users/alex/.gemini/antigravity/scratch/retro-tts-app/app/src/main/cpp/dectalk_repo/src/cm_text.c:601:12: warning: passing 'unsigned char[600]' to parameter of type 'char *' converts between pointers to integer types where one is of the unique plain 'char' type and the other is not [-Wpointer-sign]
C/C++:   601 |                                 strcpy(pCmd_t->clausebuf, pCmd_t->output_buf);
C/C++:       |                                        ^~~~~~~~~~~~~~~~~
C/C++: C:/Users/alex/AppData/Local/Android/Sdk/ndk/28.2.13676358/toolchains/llvm/prebuilt/windows-x86_64/sysroot/usr/include/bits/fortify/string.h:97:44: note: passing argument to parameter 'dst' here
C/C++:    97 | char* _Nonnull strcpy(char* _Nonnull const dst __pass_object_size, const char* _Nonnull src)
C/C++:       |                                            ^
C/C++: C:/Users/alex/.gemini/antigravity/scratch/retro-tts-app/app/src/main/cpp/dectalk_repo/src/cm_text.c:601:31: warning: passing 'unsigned char[600]' to parameter of type 'const char * _Nonnull' converts between pointers to integer types where one is of the unique plain 'char' type and the other is not [-Wpointer-sign]
C/C++:   601 |                                 strcpy(pCmd_t->clausebuf, pCmd_t->output_buf);
C/C++:       |                                                           ^~~~~~~~~~~~~~~~~~
C/C++: C:/Users/alex/AppData/Local/Android/Sdk/ndk/28.2.13676358/toolchains/llvm/prebuilt/windows-x86_64/sysroot/usr/include/bits/fortify/string.h:97:89: note: passing argument to parameter 'src' here
C/C++:    97 | char* _Nonnull strcpy(char* _Nonnull const dst __pass_object_size, const char* _Nonnull src)
C/C++:       |                                                                                         ^
C/C++: C:/Users/alex/.gemini/antigravity/scratch/retro-tts-app/app/src/main/cpp/dectalk_repo/src/cm_text.c:628:36: warning: passing 'unsigned char[600]' to parameter of type 'const char *' converts between pointers to integer types where one is of the unique plain 'char' type and the other is not [-Wpointer-sign]
C/C++:   628 |                                 pCmd_t->input_counter = strlen(pCmd_t->clausebuf);
C/C++:       |                                                                ^~~~~~~~~~~~~~~~~
C/C++: C:/Users/alex/AppData/Local/Android/Sdk/ndk/28.2.13676358/toolchains/llvm/prebuilt/windows-x86_64/sysroot/usr/include/bits/fortify/string.h:233:98: note: passing argument to parameter 's' here
C/C++:   233 | extern __always_inline __inline__ __attribute__((gnu_inline)) size_t strlen(const char* _Nonnull s) {
C/C++:       |                                                                                                  ^
C/C++: C:/Users/alex/.gemini/antigravity/scratch/retro-tts-app/app/src/main/cpp/dectalk_repo/src/cm_text.c:698:18: warning: passing 'unsigned char[600]' to parameter of type 'const char *' converts between pointers to integer types where one is of the unique plain 'char' type and the other is not [-Wpointer-sign]
C/C++:   698 |                                         i += strlen(pCmd_t->wordbuf);
C/C++:       |                                                     ^~~~~~~~~~~~~~~
C/C++: C:/Users/alex/AppData/Local/Android/Sdk/ndk/28.2.13676358/toolchains/llvm/prebuilt/windows-x86_64/sysroot/usr/include/bits/fortify/string.h:233:98: note: passing argument to parameter 's' here
C/C++:   233 | extern __always_inline __inline__ __attribute__((gnu_inline)) size_t strlen(const char* _Nonnull s) {
C/C++:       |                                                                                                  ^
C/C++: C:/Users/alex/.gemini/antigravity/scratch/retro-tts-app/app/src/main/cpp/dectalk_repo/src/cm_text.c:713:27: warning: passing 'unsigned char[600]' to parameter of type 'const char *' converts between pointers to integer types where one is of the unique plain 'char' type and the other is not [-Wpointer-sign]
C/C++:   713 |                                 for(k = 0; k < strlen(pCmd_t->clausebuf); k++)
C/C++:       |                                                       ^~~~~~~~~~~~~~~~~
C/C++: C:/Users/alex/AppData/Local/Android/Sdk/ndk/28.2.13676358/toolchains/llvm/prebuilt/windows-x86_64/sysroot/usr/include/bits/fortify/string.h:233:98: note: passing argument to parameter 's' here
C/C++:   233 | extern __always_inline __inline__ __attribute__((gnu_inline)) size_t strlen(const char* _Nonnull s) {
C/C++:       |                                                                                                  ^
C/C++: C:/Users/alex/.gemini/antigravity/scratch/retro-tts-app/app/src/main/cpp/dectalk_repo/src/cm_text.c:746:27: warning: passing 'unsigned char[600]' to parameter of type 'const char *' converts between pointers to integer types where one is of the unique plain 'char' type and the other is not [-Wpointer-sign]
C/C++:   746 |                                 for(k = 0; k < strlen(pCmd_t->output_buf); k++) {
C/C++:       |                                                       ^~~~~~~~~~~~~~~~~~
C/C++: C:/Users/alex/AppData/Local/Android/Sdk/ndk/28.2.13676358/toolchains/llvm/prebuilt/windows-x86_64/sysroot/usr/include/bits/fortify/string.h:233:98: note: passing argument to parameter 's' here
C/C++:   233 | extern __always_inline __inline__ __attribute__((gnu_inline)) size_t strlen(const char* _Nonnull s) {
C/C++:       |                                                                                                  ^
C/C++: C:/Users/alex/.gemini/antigravity/scratch/retro-tts-app/app/src/main/cpp/dectalk_repo/src/cm_text.c:754:11: warning: passing 'unsigned char[600]' to parameter of type 'char *' converts between pointers to integer types where one is of the unique plain 'char' type and the other is not [-Wpointer-sign]
C/C++:   754 |                         strcpy(pCmd_t->clausebuf, pCmd_t->output_buf);
C/C++:       |                                ^~~~~~~~~~~~~~~~~
C/C++: C:/Users/alex/AppData/Local/Android/Sdk/ndk/28.2.13676358/toolchains/llvm/prebuilt/windows-x86_64/sysroot/usr/include/bits/fortify/string.h:97:44: note: passing argument to parameter 'dst' here
C/C++:    97 | char* _Nonnull strcpy(char* _Nonnull const dst __pass_object_size, const char* _Nonnull src)
C/C++:       |                                            ^
C/C++: C:/Users/alex/.gemini/antigravity/scratch/retro-tts-app/app/src/main/cpp/dectalk_repo/src/cm_text.c:754:30: warning: passing 'unsigned char[600]' to parameter of type 'const char * _Nonnull' converts between pointers to integer types where one is of the unique plain 'char' type and the other is not [-Wpointer-sign]
C/C++:   754 |                         strcpy(pCmd_t->clausebuf, pCmd_t->output_buf);
C/C++:       |                                                   ^~~~~~~~~~~~~~~~~~
C/C++: C:/Users/alex/AppData/Local/Android/Sdk/ndk/28.2.13676358/toolchains/llvm/prebuilt/windows-x86_64/sysroot/usr/include/bits/fortify/string.h:97:89: note: passing argument to parameter 'src' here
C/C++:    97 | char* _Nonnull strcpy(char* _Nonnull const dst __pass_object_size, const char* _Nonnull src)
C/C++:       |                                                                                         ^
C/C++: C:/Users/alex/.gemini/antigravity/scratch/retro-tts-app/app/src/main/cpp/dectalk_repo/src/cm_text.c:783:35: warning: passing 'unsigned char[600]' to parameter of type 'const char *' converts between pointers to integer types where one is of the unique plain 'char' type and the other is not [-Wpointer-sign]
C/C++:   783 |                         pCmd_t->input_counter = strlen(pCmd_t->clausebuf);
C/C++:       |                                                        ^~~~~~~~~~~~~~~~~
C/C++: C:/Users/alex/AppData/Local/Android/Sdk/ndk/28.2.13676358/toolchains/llvm/prebuilt/windows-x86_64/sysroot/usr/include/bits/fortify/string.h:233:98: note: passing argument to parameter 's' here
C/C++:   233 | extern __always_inline __inline__ __attribute__((gnu_inline)) size_t strlen(const char* _Nonnull s) {
C/C++:       |                                                                                                  ^
C/C++: C:/Users/alex/.gemini/antigravity/scratch/retro-tts-app/app/src/main/cpp/dectalk_repo/src/cm_text.c:790:18: warning: passing 'unsigned char[600]' to parameter of type 'const char *' converts between pointers to integer types where one is of the unique plain 'char' type and the other is not [-Wpointer-sign]
C/C++:   790 |                                         i += strlen(pCmd_t->wordbuf);
C/C++:       |                                                     ^~~~~~~~~~~~~~~
C/C++: C:/Users/alex/AppData/Local/Android/Sdk/ndk/28.2.13676358/toolchains/llvm/prebuilt/windows-x86_64/sysroot/usr/include/bits/fortify/string.h:233:98: note: passing argument to parameter 's' here
C/C++:   233 | extern __always_inline __inline__ __attribute__((gnu_inline)) size_t strlen(const char* _Nonnull s) {
C/C++:       |                                                                                                  ^
C/C++: 23 warnings generated.
C/C++: In file included from C:/Users/alex/.gemini/antigravity/scratch/retro-tts-app/app/src/main/cpp/dectalk_repo/src/cm_copt.c:119:
C/C++: In file included from C:/Users/alex/.gemini/antigravity/scratch/retro-tts-app/app/src/main/cpp/dectalk_repo/include/cm_cdef.h:36:
C/C++: C:/Users/alex/.gemini/antigravity/scratch/retro-tts-app/app/src/main/cpp/dectalk_repo/include/c_us_cde.h:66:5: warning: initializing 'const unsigned char *' with an expression of type 'char[5]' converts between pointers to integer types where one is of the unique plain 'char' type and the other is not [-Wpointer-sign]
C/C++:    66 |     "asky",
C/C++:       |     ^~~~~~
C/C++: C:/Users/alex/.gemini/antigravity/scratch/retro-tts-app/app/src/main/cpp/dectalk_repo/include/c_us_cde.h:67:5: warning: initializing 'const unsigned char *' with an expression of type 'char[8]' converts between pointers to integer types where one is of the unique plain 'char' type and the other is not [-Wpointer-sign]
C/C++:    67 |     "arpabet",
C/C++:       |     ^~~~~~~~~
C/C++: C:/Users/alex/.gemini/antigravity/scratch/retro-tts-app/app/src/main/cpp/dectalk_repo/include/c_us_cde.h:68:5: warning: initializing 'const unsigned char *' with an expression of type 'char[6]' converts between pointers to integer types where one is of the unique plain 'char' type and the other is not [-Wpointer-sign]
C/C++:    68 |     "speak",
C/C++:       |     ^~~~~~~
C/C++: C:/Users/alex/.gemini/antigravity/scratch/retro-tts-app/app/src/main/cpp/dectalk_repo/include/c_us_cde.h:69:5: warning: initializing 'const unsigned char *' with an expression of type 'char[7]' converts between pointers to integer types where one is of the unique plain 'char' type and the other is not [-Wpointer-sign]
C/C++:    69 |     "silent",
C/C++:       |     ^~~~~~~~
C/C++: C:/Users/alex/.gemini/antigravity/scratch/retro-tts-app/app/src/main/cpp/dectalk_repo/include/c_us_cde.h:70:5: warning: initializing 'const unsigned char *' with an expression of type 'char[4]' converts between pointers to integer types where one is of the unique plain 'char' type and the other is not [-Wpointer-sign]
C/C++:    70 |     "off",
C/C++:       |     ^~~~~
C/C++: C:/Users/alex/.gemini/antigravity/scratch/retro-tts-app/app/src/main/cpp/dectalk_repo/include/c_us_cde.h:71:5: warning: initializing 'const unsigned char *' with an expression of type 'char[3]' converts between pointers to integer types where one is of the unique plain 'char' type and the other is not [-Wpointer-sign]
C/C++:    71 |     "on",
C/C++:       |     ^~~~
C/C++: C:/Users/alex/.gemini/antigravity/scratch/retro-tts-app/app/src/main/cpp/dectalk_repo/include/c_us_cde.h:80:5: warning: initializing 'const unsigned char *' with an expression of type 'char[5]' converts between pointers to integer types where one is of the unique plain 'char' type and the other is not [-Wpointer-sign]
C/C++:    80 |     "text",
C/C++:       |     ^~~~~~
C/C++: C:/Users/alex/.gemini/antigravity/scratch/retro-tts-app/app/src/main/cpp/dectalk_repo/include/c_us_cde.h:81:5: warning: initializing 'const unsigned char *' with an expression of type 'char[9]' converts between pointers to integer types where one is of the unique plain 'char' type and the other is not [-Wpointer-sign]
C/C++:    81 |     "phonemes",
C/C++:       |     ^~~~~~~~~~
C/C++: C:/Users/alex/.gemini/antigravity/scratch/retro-tts-app/app/src/main/cpp/dectalk_repo/include/c_us_cde.h:82:5: warning: initializing 'const unsigned char *' with an expression of type 'char[6]' converts between pointers to integer types where one is of the unique plain 'char' type and the other is not [-Wpointer-sign]
C/C++:    82 |     "types",
C/C++:       |     ^~~~~~~
C/C++: C:/Users/alex/.gemini/antigravity/scratch/retro-tts-app/app/src/main/cpp/dectalk_repo/include/c_us_cde.h:83:5: warning: initializing 'const unsigned char *' with an expression of type 'char[6]' converts between pointers to integer types where one is of the unique plain 'char' type and the other is not [-Wpointer-sign]
C/C++:    83 |     "forms",
C/C++:       |     ^~~~~~~
C/C++: C:/Users/alex/.gemini/antigravity/scratch/retro-tts-app/app/src/main/cpp/dectalk_repo/include/c_us_cde.h:84:5: warning: initializing 'const unsigned char *' with an expression of type 'char[10]' converts between pointers to integer types where one is of the unique plain 'char' type and the other is not [-Wpointer-sign]
C/C++:    84 |     "syllables",
C/C++:       |     ^~~~~~~~~~~
C/C++: C:/Users/alex/.gemini/antigravity/scratch/retro-tts-app/app/src/main/cpp/dectalk_repo/include/c_us_cde.h:85:5: warning: initializing 'const unsigned char *' with an expression of type 'char[8]' converts between pointers to integer types where one is of the unique plain 'char' type and the other is not [-Wpointer-sign]
C/C++:    85 |     "outphon",
C/C++:       |     ^~~~~~~~~
C/C++: C:/Users/alex/.gemini/antigravity/scratch/retro-tts-app/app/src/main/cpp/dectalk_repo/include/c_us_cde.h:86:5: warning: initializing 'const unsigned char *' with an expression of type 'char[7]' converts between pointers to integer types where one is of the unique plain 'char' type and the other is not [-Wpointer-sign]
C/C++:    86 |     "dbglog", /* MFG 04/23/1998 added option for debug logging */
C/C++:       |     ^~~~~~~~
C/C++: C:/Users/alex/.gemini/antigravity/scratch/retro-tts-app/app/src/main/cpp/dectalk_repo/include/c_us_cde.h:87:5: warning: initializing 'const unsigned char *' with an expression of type 'char[3]' converts between pointers to integer types where one is of the unique plain 'char' type and the other is not [-Wpointer-sign]
C/C++:    87 |     "on",
C/C++:       |     ^~~~
C/C++: C:/Users/alex/.gemini/antigravity/scratch/retro-tts-app/app/src/main/cpp/dectalk_repo/include/c_us_cde.h:88:5: warning: initializing 'const unsigned char *' with an expression of type 'char[4]' converts between pointers to integer types where one is of the unique plain 'char' type and the other is not [-Wpointer-sign]
C/C++:    88 |     "off",
C/C++:       |     ^~~~~
C/C++: C:/Users/alex/.gemini/antigravity/scratch/retro-tts-app/app/src/main/cpp/dectalk_repo/include/c_us_cde.h:89:5: warning: initializing 'const unsigned char *' with an expression of type 'char[4]' converts between pointers to integer types where one is of the unique plain 'char' type and the other is not [-Wpointer-sign]
C/C++:    89 |     "set",
C/C++:       |     ^~~~~
C/C++: C:/Users/alex/.gemini/antigravity/scratch/retro-tts-app/app/src/main/cpp/dectalk_repo/include/c_us_cde.h:98:5: warning: initializing 'const unsigned char *' with an expression of type 'char[7]' converts between pointers to integer types where one is of the unique plain 'char' type and the other is not [-Wpointer-sign]
C/C++:    98 |     "clause",
C/C++:       |     ^~~~~~~~
C/C++: C:/Users/alex/.gemini/antigravity/scratch/retro-tts-app/app/src/main/cpp/dectalk_repo/include/c_us_cde.h:99:5: warning: initializing 'const unsigned char *' with an expression of type 'char[5]' converts between pointers to integer types where one is of the unique plain 'char' type and the other is not [-Wpointer-sign]
C/C++:    99 |     "word",
C/C++:       |     ^~~~~~
C/C++: C:/Users/alex/.gemini/antigravity/scratch/retro-tts-app/app/src/main/cpp/dectalk_repo/include/c_us_cde.h:100:5: warning: initializing 'const unsigned char *' with an expression of type 'char[7]' converts between pointers to integer types where one is of the unique plain 'char' type and the other is not [-Wpointer-sign]
C/C++:   100 |     "letter",
C/C++:       |     ^~~~~~~~
C/C++: C:/Users/alex/.gemini/antigravity/scratch/retro-tts-app/app/src/main/cpp/dectalk_repo/include/c_us_cde.h:101:5: warning: initializing 'const unsigned char *' with an expression of type 'char[16]' converts between pointers to integer types where one is of the unique plain 'char' type and the other is not [-Wpointer-sign]
C/C++:   101 |     "filtered_letter",
C/C++:       |     ^~~~~~~~~~~~~~~~~
C/C++: C:/Users/alex/.gemini/antigravity/scratch/retro-tts-app/app/src/main/cpp/dectalk_repo/include/c_us_cde.h:102:5: warning: initializing 'const unsigned char *' with an expression of type 'char[5]' converts between pointers to integer types where one is of the unique plain 'char' type and the other is not [-Wpointer-sign]
C/C++:   102 |     "line",
C/C++:       |     ^~~~~~
C/C++: C:/Users/alex/.gemini/antigravity/scratch/retro-tts-app/app/src/main/cpp/dectalk_repo/include/c_us_cde.h:103:5: warning: initializing 'const unsigned char *' with an expression of type 'char[9]' converts between pointers to integer types where one is of the unique plain 'char' type and the other is not [-Wpointer-sign]
C/C++:   103 |     "syllable",
C/C++:       |     ^~~~~~~~~~
C/C++: C:/Users/alex/.gemini/antigravity/scratch/retro-tts-app/app/src/main/cpp/dectalk_repo/include/c_us_cde.h:112:5: warning: initializing 'const unsigned char *' with an expression of type 'char[7]' converts between pointers to integer types where one is of the unique plain 'char' type and the other is not [-Wpointer-sign]
C/C++:   112 |     "ignore",
C/C++:       |     ^~~~~~~~
C/C++: C:/Users/alex/.gemini/antigravity/scratch/retro-tts-app/app/src/main/cpp/dectalk_repo/include/c_us_cde.h:113:5: warning: initializing 'const unsigned char *' with an expression of type 'char[5]' converts between pointers to integer types where one is of the unique plain 'char' type and the other is not [-Wpointer-sign]
C/C++:   113 |     "text",
C/C++:       |     ^~~~~~
C/C++: C:/Users/alex/.gemini/antigravity/scratch/retro-tts-app/app/src/main/cpp/dectalk_repo/include/c_us_cde.h:114:5: warning: initializing 'const unsigned char *' with an expression of type 'char[7]' converts between pointers to integer types where one is of the unique plain 'char' type and the other is not [-Wpointer-sign]
C/C++:   114 |     "escape",
C/C++:       |     ^~~~~~~~
C/C++: C:/Users/alex/.gemini/antigravity/scratch/retro-tts-app/app/src/main/cpp/dectalk_repo/include/c_us_cde.h:115:5: warning: initializing 'const unsigned char *' with an expression of type 'char[6]' converts between pointers to integer types where one is of the unique plain 'char' type and the other is not [-Wpointer-sign]
C/C++:   115 |     "speak",
C/C++:       |     ^~~~~~~
C/C++: C:/Users/alex/.gemini/antigravity/scratch/retro-tts-app/app/src/main/cpp/dectalk_repo/include/c_us_cde.h:116:5: warning: initializing 'const unsigned char *' with an expression of type 'char[5]' converts between pointers to integer types where one is of the unique plain 'char' type and the other is not [-Wpointer-sign]
C/C++:   116 |     "tone",
C/C++:       |     ^~~~~~
C/C++: C:/Users/alex/.gemini/antigravity/scratch/retro-tts-app/app/src/main/cpp/dectalk_repo/include/c_us_cde.h:125:5: warning: initializing 'const unsigned char *' with an expression of type 'char[4]' converts between pointers to integer types where one is of the unique plain 'char' type and the other is not [-Wpointer-sign]
C/C++:   125 |     "all",
C/C++:       |     ^~~~~
C/C++: C:/Users/alex/.gemini/antigravity/scratch/retro-tts-app/app/src/main/cpp/dectalk_repo/include/c_us_cde.h:126:5: warning: initializing 'const unsigned char *' with an expression of type 'char[6]' converts between pointers to integer types where one is of the unique plain 'char' type and the other is not [-Wpointer-sign]
C/C++:   126 |     "until",
C/C++:       |     ^~~~~~~
C/C++: C:/Users/alex/.gemini/antigravity/scratch/retro-tts-app/app/src/main/cpp/dectalk_repo/include/c_us_cde.h:127:5: warning: initializing 'const unsigned char *' with an expression of type 'char[5]' converts between pointers to integer types where one is of the unique plain 'char' type and the other is not [-Wpointer-sign]
C/C++:   127 |     "mask",
C/C++:       |     ^~~~~~
C/C++: C:/Users/alex/.gemini/antigravity/scratch/retro-tts-app/app/src/main/cpp/dectalk_repo/include/c_us_cde.h:128:5: warning: initializing 'const unsigned char *' with an expression of type 'char[6]' converts between pointers to integer types where one is of the unique plain 'char' type and the other is not [-Wpointer-sign]
C/C++:   128 |     "after",
C/C++:       |     ^~~~~~~
C/C++: C:/Users/alex/.gemini/antigravity/scratch/retro-tts-app/app/src/main/cpp/dectalk_repo/include/c_us_cde.h:129:5: warning: initializing 'const unsigned char *' with an expression of type 'char[7]' converts between pointers to integer types where one is of the unique plain 'char' type and the other is not [-Wpointer-sign]
C/C++:   129 |     "speech",
C/C++:       |     ^~~~~~~~
C/C++: C:/Users/alex/.gemini/antigravity/scratch/retro-tts-app/app/src/main/cpp/dectalk_repo/include/c_us_cde.h:139:5: warning: initializing 'const unsigned char *' with an expression of type 'char[5]' converts between pointers to integer types where one is of the unique plain 'char' type and the other is not [-Wpointer-sign]
C/C++:   139 |     "none",
C/C++:       |     ^~~~~~
C/C++: C:/Users/alex/.gemini/antigravity/scratch/retro-tts-app/app/src/main/cpp/dectalk_repo/include/c_us_cde.h:140:5: warning: initializing 'const unsigned char *' with an expression of type 'char[5]' converts between pointers to integer types where one is of the unique plain 'char' type and the other is not [-Wpointer-sign]
C/C++:   140 |     "some",
C/C++:       |     ^~~~~~
C/C++: C:/Users/alex/.gemini/antigravity/scratch/retro-tts-app/app/src/main/cpp/dectalk_repo/include/c_us_cde.h:141:5: warning: initializing 'const unsigned char *' with an expression of type 'char[4]' converts between pointers to integer types where one is of the unique plain 'char' type and the other is not [-Wpointer-sign]
C/C++:   141 |     "all",
C/C++:       |     ^~~~~
C/C++: C:/Users/alex/.gemini/antigravity/scratch/retro-tts-app/app/src/main/cpp/dectalk_repo/include/c_us_cde.h:142:5: warning: initializing 'const unsigned char *' with an expression of type 'char[5]' converts between pointers to integer types where one is of the unique plain 'char' type and the other is not [-Wpointer-sign]
C/C++:   142 |     "pass",
C/C++:       |     ^~~~~~
C/C++: C:/Users/alex/.gemini/antigravity/scratch/retro-tts-app/app/src/main/cpp/dectalk_repo/include/c_us_cde.h:152:5: warning: initializing 'const unsigned char *' with an expression of type 'char[5]' converts between pointers to integer types where one is of the unique plain 'char' type and the other is not [-Wpointer-sign]
C/C++:   152 |     "none",
C/C++:       |     ^~~~~~
C/C++: C:/Users/alex/.gemini/antigravity/scratch/retro-tts-app/app/src/main/cpp/dectalk_repo/include/c_us_cde.h:153:5: warning: initializing 'const unsigned char *' with an expression of type 'char[6]' converts between pointers to integer types where one is of the unique plain 'char' type and the other is not [-Wpointer-sign]
C/C++:   153 |     "email",
C/C++:       |     ^~~~~~~
C/C++: C:/Users/alex/.gemini/antigravity/scratch/retro-tts-app/app/src/main/cpp/dectalk_repo/include/c_us_cde.h:154:5: warning: initializing 'const unsigned char *' with an expression of type 'char[6]' converts between pointers to integer types where one is of the unique plain 'char' type and the other is not [-Wpointer-sign]
C/C++:   154 |     "punct",
C/C++:       |     ^~~~~~~
C/C++: C:/Users/alex/.gemini/antigravity/scratch/retro-tts-app/app/src/main/cpp/dectalk_repo/include/c_us_cde.h:155:5: warning: initializing 'const unsigned char *' with an expression of type 'char[5]' converts between pointers to integer types where one is of the unique plain 'char' type and the other is not [-Wpointer-sign]
C/C++:   155 |     "rule",
C/C++:       |     ^~~~~~
C/C++: C:/Users/alex/.gemini/antigravity/scratch/retro-tts-app/app/src/main/cpp/dectalk_repo/include/c_us_cde.h:156:5: warning: initializing 'const unsigned char *' with an expression of type 'char[4]' converts between pointers to integer types where one is of the unique plain 'char' type and the other is not [-Wpointer-sign]
C/C++:   156 |     "all",
C/C++:       |     ^~~~~
C/C++: C:/Users/alex/.gemini/antigravity/scratch/retro-tts-app/app/src/main/cpp/dectalk_repo/include/c_us_cde.h:157:5: warning: initializing 'const unsigned char *' with an expression of type 'char[4]' converts between pointers to integer types where one is of the unique plain 'char' type and the other is not [-Wpointer-sign]
C/C++:   157 |     "cpg",
C/C++:       |     ^~~~~
C/C++: C:/Users/alex/.gemini/antigravity/scratch/retro-tts-app/app/src/main/cpp/dectalk_repo/include/c_us_cde.h:170:5: warning: initializing 'const unsigned char *' with an expression of type 'char[4]' converts between pointers to integer types where one is of the unique plain 'char' type and the other is not [-Wpointer-sign]
C/C++:   170 |     "set",
C/C++:       |     ^~~~~
C/C++: C:/Users/alex/.gemini/antigravity/scratch/retro-tts-app/app/src/main/cpp/dectalk_repo/include/c_us_cde.h:171:5: warning: initializing 'const unsigned char *' with an expression of type 'char[3]' converts between pointers to integer types where one is of the unique plain 'char' type and the other is not [-Wpointer-sign]
C/C++:   171 |     "up",
C/C++:       |     ^~~~
C/C++: C:/Users/alex/.gemini/antigravity/scratch/retro-tts-app/app/src/main/cpp/dectalk_repo/include/c_us_cde.h:172:5: warning: initializing 'const unsigned char *' with an expression of type 'char[5]' converts between pointers to integer types where one is of the unique plain 'char' type and the other is not [-Wpointer-sign]
C/C++:   172 |     "down",
C/C++:       |     ^~~~~~
C/C++: C:/Users/alex/.gemini/antigravity/scratch/retro-tts-app/app/src/main/cpp/dectalk_repo/include/c_us_cde.h:173:5: warning: initializing 'const unsigned char *' with an expression of type 'char[5]' converts between pointers to integer types where one is of the unique plain 'char' type and the other is not [-Wpointer-sign]
C/C++:   173 |     "lset",
C/C++:       |     ^~~~~~
C/C++: C:/Users/alex/.gemini/antigravity/scratch/retro-tts-app/app/src/main/cpp/dectalk_repo/include/c_us_cde.h:174:5: warning: initializing 'const unsigned char *' with an expression of type 'char[4]' converts between pointers to integer types where one is of the unique plain 'char' type and the other is not [-Wpointer-sign]
C/C++:   174 |     "lup",
C/C++:       |     ^~~~~
C/C++: C:/Users/alex/.gemini/antigravity/scratch/retro-tts-app/app/src/main/cpp/dectalk_repo/include/c_us_cde.h:175:5: warning: initializing 'const unsigned char *' with an expression of type 'char[6]' converts between pointers to integer types where one is of the unique plain 'char' type and the other is not [-Wpointer-sign]
C/C++:   175 |     "ldown",
C/C++:       |     ^~~~~~~
C/C++: C:/Users/alex/.gemini/antigravity/scratch/retro-tts-app/app/src/main/cpp/dectalk_repo/include/c_us_cde.h:176:5: warning: initializing 'const unsigned char *' with an expression of type 'char[5]' converts between pointers to integer types where one is of the unique plain 'char' type and the other is not [-Wpointer-sign]
C/C++:   176 |     "rset",
C/C++:       |     ^~~~~~
C/C++: C:/Users/alex/.gemini/antigravity/scratch/retro-tts-app/app/src/main/cpp/dectalk_repo/include/c_us_cde.h:177:5: warning: initializing 'const unsigned char *' with an expression of type 'char[4]' converts between pointers to integer types where one is of the unique plain 'char' type and the other is not [-Wpointer-sign]
C/C++:   177 |     "rup",
C/C++:       |     ^~~~~
C/C++: C:/Users/alex/.gemini/antigravity/scratch/retro-tts-app/app/src/main/cpp/dectalk_repo/include/c_us_cde.h:178:5: warning: initializing 'const unsigned char *' with an expression of type 'char[6]' converts between pointers to integer types where one is of the unique plain 'char' type and the other is not [-Wpointer-sign]
C/C++:   178 |     "rdown",
C/C++:       |     ^~~~~~~
C/C++: C:/Users/alex/.gemini/antigravity/scratch/retro-tts-app/app/src/main/cpp/dectalk_repo/include/c_us_cde.h:179:5: warning: initializing 'const unsigned char *' with an expression of type 'char[5]' converts between pointers to integer types where one is of the unique plain 'char' type and the other is not [-Wpointer-sign]
C/C++:   179 |     "sset",
C/C++:       |     ^~~~~~
C/C++: C:/Users/alex/.gemini/antigravity/scratch/retro-tts-app/app/src/main/cpp/dectalk_repo/include/c_us_cde.h:180:5: warning: initializing 'const unsigned char *' with an expression of type 'char[4]' converts between pointers to integer types where one is of the unique plain 'char' type and the other is not [-Wpointer-sign]
C/C++:   180 |     "att",
C/C++:       |     ^~~~~
C/C++: C:/Users/alex/.gemini/antigravity/scratch/retro-tts-app/app/src/main/cpp/dectalk_repo/include/c_us_cde.h:190:5: warning: initializing 'const unsigned char *' with an expression of type 'char[8]' converts between pointers to integer types where one is of the unique plain 'char' type and the other is not [-Wpointer-sign]
C/C++:   190 |     "english",
C/C++:       |     ^~~~~~~~~
C/C++: C:/Users/alex/.gemini/antigravity/scratch/retro-tts-app/app/src/main/cpp/dectalk_repo/include/c_us_cde.h:191:5: warning: initializing 'const unsigned char *' with an expression of type 'char[8]' converts between pointers to integer types where one is of the unique plain 'char' type and the other is not [-Wpointer-sign]
C/C++:   191 |     "british",
C/C++:       |     ^~~~~~~~~
C/C++: C:/Users/alex/.gemini/antigravity/scratch/retro-tts-app/app/src/main/cpp/dectalk_repo/include/c_us_cde.h:192:5: warning: initializing 'const unsigned char *' with an expression of type 'char[7]' converts between pointers to integer types where one is of the unique plain 'char' type and the other is not [-Wpointer-sign]
C/C++:   192 |     "french",
C/C++:       |     ^~~~~~~~
C/C++: C:/Users/alex/.gemini/antigravity/scratch/retro-tts-app/app/src/main/cpp/dectalk_repo/include/c_us_cde.h:193:5: warning: initializing 'const unsigned char *' with an expression of type 'char[7]' converts between pointers to integer types where one is of the unique plain 'char' type and the other is not [-Wpointer-sign]
C/C++:   193 |     "german",
C/C++:       |     ^~~~~~~~
C/C++: C:/Users/alex/.gemini/antigravity/scratch/retro-tts-app/app/src/main/cpp/dectalk_repo/include/c_us_cde.h:194:5: warning: initializing 'const unsigned char *' with an expression of type 'char[8]' converts between pointers to integer types where one is of the unique plain 'char' type and the other is not [-Wpointer-sign]
C/C++:   194 |     "spanish",
C/C++:       |     ^~~~~~~~~
C/C++: C:/Users/alex/.gemini/antigravity/scratch/retro-tts-app/app/src/main/cpp/dectalk_repo/include/c_us_cde.h:195:5: warning: initializing 'const unsigned char *' with an expression of type 'char[15]' converts between pointers to integer types where one is of the unique plain 'char' type and the other is not [-Wpointer-sign]
C/C++:   195 |     "latin_amercian",
C/C++:       |     ^~~~~~~~~~~~~~~~
C/C++: C:/Users/alex/.gemini/antigravity/scratch/retro-tts-app/app/src/main/cpp/dectalk_repo/include/c_us_cde.h:196:5: warning: initializing 'const unsigned char *' with an expression of type 'char[3]' converts between pointers to integer types where one is of the unique plain 'char' type and the other is not [-Wpointer-sign]
C/C++:   196 |     "us",
C/C++:       |     ^~~~
C/C++: C:/Users/alex/.gemini/antigravity/scratch/retro-tts-app/app/src/main/cpp/dectalk_repo/include/c_us_cde.h:197:5: warning: initializing 'const unsigned char *' with an expression of type 'char[3]' converts between pointers to integer types where one is of the unique plain 'char' type and the other is not [-Wpointer-sign]
C/C++:   197 |     "uk",
C/C++:       |     ^~~~
C/C++: C:/Users/alex/.gemini/antigravity/scratch/retro-tts-app/app/src/main/cpp/dectalk_repo/include/c_us_cde.h:198:5: warning: initializing 'const unsigned char *' with an expression of type 'char[3]' converts between pointers to integer types where one is of the unique plain 'char' type and the other is not [-Wpointer-sign]
C/C++:   198 |     "fr",
C/C++:       |     ^~~~
C/C++: C:/Users/alex/.gemini/antigravity/scratch/retro-tts-app/app/src/main/cpp/dectalk_repo/include/c_us_cde.h:199:5: warning: initializing 'const unsigned char *' with an expression of type 'char[3]' converts between pointers to integer types where one is of the unique plain 'char' type and the other is not [-Wpointer-sign]
C/C++:   199 |     "gr",
C/C++:       |     ^~~~
C/C++: C:/Users/alex/.gemini/antigravity/scratch/retro-tts-app/app/src/main/cpp/dectalk_repo/include/c_us_cde.h:200:5: warning: initializing 'const unsigned char *' with an expression of type 'char[3]' converts between pointers to integer types where one is of the unique plain 'char' type and the other is not [-Wpointer-sign]
C/C++:   200 |     "sp",
C/C++:       |     ^~~~
C/C++: C:/Users/alex/.gemini/antigravity/scratch/retro-tts-app/app/src/main/cpp/dectalk_repo/include/c_us_cde.h:201:5: warning: initializing 'const unsigned char *' with an expression of type 'char[3]' converts between pointers to integer types where one is of the unique plain 'char' type and the other is not [-Wpointer-sign]
C/C++:   201 |     "la",
C/C++:       |     ^~~~
C/C++: C:/Users/alex/.gemini/antigravity/scratch/retro-tts-app/app/src/main/cpp/dectalk_repo/include/c_us_cde.h:209:5: warning: initializing 'const unsigned char *' with an expression of type 'char[6]' converts between pointers to integer types where one is of the unique plain 'char' type and the other is not [-Wpointer-sign]
C/C++:   209 |     "speak",
C/C++:       |     ^~~~~~~
C/C++: C:/Users/alex/.gemini/antigravity/scratch/retro-tts-app/app/src/main/cpp/dectalk_repo/include/c_us_cde.h:210:5: warning: initializing 'const unsigned char *' with an expression of type 'char[7]' converts between pointers to integer types where one is of the unique plain 'char' type and the other is not [-Wpointer-sign]
C/C++:   210 |     "status",
C/C++:       |     ^~~~~~~~
C/C++: C:/Users/alex/.gemini/antigravity/scratch/retro-tts-app/app/src/main/cpp/dectalk_repo/include/c_us_cde.h:215:5: warning: initializing 'const unsigned char *' with an expression of type 'char[5]' converts between pointers to integer types where one is of the unique plain 'char' type and the other is not [-Wpointer-sign]
C/C++:   215 |     "math",
C/C++:       |     ^~~~~~
C/C++: C:/Users/alex/.gemini/antigravity/scratch/retro-tts-app/app/src/main/cpp/dectalk_repo/include/c_us_cde.h:216:5: warning: initializing 'const unsigned char *' with an expression of type 'char[7]' converts between pointers to integer types where one is of the unique plain 'char' type and the other is not [-Wpointer-sign]
C/C++:   216 |     "europe",
C/C++:       |     ^~~~~~~~
C/C++: C:/Users/alex/.gemini/antigravity/scratch/retro-tts-app/app/src/main/cpp/dectalk_repo/include/c_us_cde.h:217:5: warning: initializing 'const unsigned char *' with an expression of type 'char[6]' converts between pointers to integer types where one is of the unique plain 'char' type and the other is not [-Wpointer-sign]
C/C++:   217 |     "spell",
C/C++:       |     ^~~~~~~
C/C++: C:/Users/alex/.gemini/antigravity/scratch/retro-tts-app/app/src/main/cpp/dectalk_repo/include/c_us_cde.h:218:5: warning: initializing 'const unsigned char *' with an expression of type 'char[5]' converts between pointers to integer types where one is of the unique plain 'char' type and the other is not [-Wpointer-sign]
C/C++:   218 |     "name",
C/C++:       |     ^~~~~~
C/C++: C:/Users/alex/.gemini/antigravity/scratch/retro-tts-app/app/src/main/cpp/dectalk_repo/include/c_us_cde.h:219:5: warning: initializing 'const unsigned char *' with an expression of type 'char[10]' converts between pointers to integer types where one is of the unique plain 'char' type and the other is not [-Wpointer-sign]
C/C++:   219 |     "homograph",
C/C++:       |     ^~~~~~~~~~~
C/C++: C:/Users/alex/.gemini/antigravity/scratch/retro-tts-app/app/src/main/cpp/dectalk_repo/include/c_us_cde.h:220:5: warning: initializing 'const unsigned char *' with an expression of type 'char[9]' converts between pointers to integer types where one is of the unique plain 'char' type and the other is not [-Wpointer-sign]
C/C++:   220 |     "citation",
C/C++:       |     ^~~~~~~~~~
C/C++: C:/Users/alex/.gemini/antigravity/scratch/retro-tts-app/app/src/main/cpp/dectalk_repo/include/c_us_cde.h:221:5: warning: initializing 'const unsigned char *' with an expression of type 'char[6]' converts between pointers to integer types where one is of the unique plain 'char' type and the other is not [-Wpointer-sign]
C/C++:   221 |     "latin",
C/C++:       |     ^~~~~~~
C/C++: C:/Users/alex/.gemini/antigravity/scratch/retro-tts-app/app/src/main/cpp/dectalk_repo/include/c_us_cde.h:222:5: warning: initializing 'const unsigned char *' with an expression of type 'char[6]' converts between pointers to integer types where one is of the unique plain 'char' type and the other is not [-Wpointer-sign]
C/C++:   222 |     "table",
C/C++:       |     ^~~~~~~
C/C++: C:/Users/alex/.gemini/antigravity/scratch/retro-tts-app/app/src/main/cpp/dectalk_repo/include/c_us_cde.h:223:5: warning: initializing 'const unsigned char *' with an expression of type 'char[6]' converts between pointers to integer types where one is of the unique plain 'char' type and the other is not [-Wpointer-sign]
C/C++:   223 |     "email",
C/C++:       |     ^~~~~~~
C/C++: C:/Users/alex/.gemini/antigravity/scratch/retro-tts-app/app/src/main/cpp/dectalk_repo/include/c_us_cde.h:224:5: warning: initializing 'const unsigned char *' with an expression of type 'char[3]' converts between pointers to integer types where one is of the unique plain 'char' type and the other is not [-Wpointer-sign]
C/C++:   224 |     "on",
C/C++:       |     ^~~~
C/C++: C:/Users/alex/.gemini/antigravity/scratch/retro-tts-app/app/src/main/cpp/dectalk_repo/include/c_us_cde.h:225:5: warning: initializing 'const unsigned char *' with an expression of type 'char[4]' converts between pointers to integer types where one is of the unique plain 'char' type and the other is not [-Wpointer-sign]
C/C++:   225 |     "off",
C/C++:       |     ^~~~~
C/C++: C:/Users/alex/.gemini/antigravity/scratch/retro-tts-app/app/src/main/cpp/dectalk_repo/include/c_us_cde.h:226:5: warning: initializing 'const unsigned char *' with an expression of type 'char[4]' converts between pointers to integer types where one is of the unique plain 'char' type and the other is not [-Wpointer-sign]
C/C++:   226 |     "set",
C/C++:       |     ^~~~~
C/C++: C:/Users/alex/.gemini/antigravity/scratch/retro-tts-app/app/src/main/cpp/dectalk_repo/include/c_us_cde.h:231:5: warning: initializing 'const unsigned char *' with an expression of type 'char[10]' converts between pointers to integer types where one is of the unique plain 'char' type and the other is not [-Wpointer-sign]
C/C++:   231 |     "alternate",
C/C++:       |     ^~~~~~~~~~~
C/C++: C:/Users/alex/.gemini/antigravity/scratch/retro-tts-app/app/src/main/cpp/dectalk_repo/include/c_us_cde.h:232:5: warning: initializing 'const unsigned char *' with an expression of type 'char[5]' converts between pointers to integer types where one is of the unique plain 'char' type and the other is not [-Wpointer-sign]
C/C++:   232 |     "name",
C/C++:       |     ^~~~~~
C/C++: C:/Users/alex/.gemini/antigravity/scratch/retro-tts-app/app/src/main/cpp/dectalk_repo/include/c_us_cde.h:233:5: warning: initializing 'const unsigned char *' with an expression of type 'char[8]' converts between pointers to integer types where one is of the unique plain 'char' type and the other is not [-Wpointer-sign]
C/C++:   233 |     "primary",
C/C++:       |     ^~~~~~~~~
C/C++: C:/Users/alex/.gemini/antigravity/scratch/retro-tts-app/app/src/main/cpp/dectalk_repo/include/c_us_cde.h:234:5: warning: initializing 'const unsigned char *' with an expression of type 'char[5]' converts between pointers to integer types where one is of the unique plain 'char' type and the other is not [-Wpointer-sign]
C/C++:   234 |     "noun",
C/C++:       |     ^~~~~~
C/C++: C:/Users/alex/.gemini/antigravity/scratch/retro-tts-app/app/src/main/cpp/dectalk_repo/include/c_us_cde.h:235:5: warning: initializing 'const unsigned char *' with an expression of type 'char[5]' converts between pointers to integer types where one is of the unique plain 'char' type and the other is not [-Wpointer-sign]
C/C++:   235 |     "verb",
C/C++:       |     ^~~~~~
C/C++: C:/Users/alex/.gemini/antigravity/scratch/retro-tts-app/app/src/main/cpp/dectalk_repo/include/c_us_cde.h:236:5: warning: initializing 'const unsigned char *' with an expression of type 'char[10]' converts between pointers to integer types where one is of the unique plain 'char' type and the other is not [-Wpointer-sign]
C/C++:   236 |     "adjective",
C/C++:       |     ^~~~~~~~~~~
C/C++: C:/Users/alex/.gemini/antigravity/scratch/retro-tts-app/app/src/main/cpp/dectalk_repo/include/c_us_cde.h:237:5: warning: initializing 'const unsigned char *' with an expression of type 'char[9]' converts between pointers to integer types where one is of the unique plain 'char' type and the other is not [-Wpointer-sign]
C/C++:   237 |     "function",
C/C++:       |     ^~~~~~~~~~
C/C++: C:/Users/alex/.gemini/antigravity/scratch/retro-tts-app/app/src/main/cpp/dectalk_repo/include/c_us_cde.h:238:5: warning: initializing 'const unsigned char *' with an expression of type 'char[13]' converts between pointers to integer types where one is of the unique plain 'char' type and the other is not [-Wpointer-sign]
C/C++:   238 |     "interjection",
C/C++:       |     ^~~~~~~~~~~~~~
C/C++: C:/Users/alex/.gemini/antigravity/scratch/retro-tts-app/app/src/main/cpp/dectalk_repo/include/c_us_cde.h:246:5: warning: initializing 'const unsigned char *' with an expression of type 'char[5]' converts between pointers to integer types where one is of the unique plain 'char' type and the other is not [-Wpointer-sign]
C/C++:   246 |     "paul",
C/C++:       |     ^~~~~~
C/C++: C:/Users/alex/.gemini/antigravity/scratch/retro-tts-app/app/src/main/cpp/dectalk_repo/include/c_us_cde.h:247:5: warning: initializing 'const unsigned char *' with an expression of type 'char[6]' converts between pointers to integer types where one is of the unique plain 'char' type and the other is not [-Wpointer-sign]
C/C++:   247 |     "betty",
C/C++:       |     ^~~~~~~
C/C++: C:/Users/alex/.gemini/antigravity/scratch/retro-tts-app/app/src/main/cpp/dectalk_repo/include/c_us_cde.h:248:5: warning: initializing 'const unsigned char *' with an expression of type 'char[6]' converts between pointers to integer types where one is of the unique plain 'char' type and the other is not [-Wpointer-sign]
C/C++:   248 |     "harry",
C/C++:       |     ^~~~~~~
C/C++: C:/Users/alex/.gemini/antigravity/scratch/retro-tts-app/app/src/main/cpp/dectalk_repo/include/c_us_cde.h:249:5: warning: initializing 'const unsigned char *' with an expression of type 'char[6]' converts between pointers to integer types where one is of the unique plain 'char' type and the other is not [-Wpointer-sign]
C/C++:   249 |     "frank",
C/C++:       |     ^~~~~~~
C/C++: C:/Users/alex/.gemini/antigravity/scratch/retro-tts-app/app/src/main/cpp/dectalk_repo/include/c_us_cde.h:250:5: warning: initializing 'const unsigned char *' with an expression of type 'char[7]' converts between pointers to integer types where one is of the unique plain 'char' type and the other is not [-Wpointer-sign]
C/C++:   250 |     "dennis",
C/C++:       |     ^~~~~~~~
C/C++: C:/Users/alex/.gemini/antigravity/scratch/retro-tts-app/app/src/main/cpp/dectalk_repo/include/c_us_cde.h:251:5: warning: initializing 'const unsigned char *' with an expression of type 'char[4]' converts between pointers to integer types where one is of the unique plain 'char' type and the other is not [-Wpointer-sign]
C/C++:   251 |     "kit",
C/C++:       |     ^~~~~
C/C++: C:/Users/alex/.gemini/antigravity/scratch/retro-tts-app/app/src/main/cpp/dectalk_repo/include/c_us_cde.h:252:5: warning: initializing 'const unsigned char *' with an expression of type 'char[7]' converts between pointers to integer types where one is of the unique plain 'char' type and the other is not [-Wpointer-sign]
C/C++:   252 |     "ursula",
C/C++:       |     ^~~~~~~~
C/C++: C:/Users/alex/.gemini/antigravity/scratch/retro-tts-app/app/src/main/cpp/dectalk_repo/include/c_us_cde.h:253:5: warning: initializing 'const unsigned char *' with an expression of type 'char[5]' converts between pointers to integer types where one is of the unique plain 'char' type and the other is not [-Wpointer-sign]
C/C++:   253 |     "rita",
C/C++:       |     ^~~~~~
C/C++: C:/Users/alex/.gemini/antigravity/scratch/retro-tts-app/app/src/main/cpp/dectalk_repo/include/c_us_cde.h:254:5: warning: initializing 'const unsigned char *' with an expression of type 'char[6]' converts between pointers to integer types where one is of the unique plain 'char' type and the other is not [-Wpointer-sign]
C/C++:   254 |     "wendy",
C/C++:       |     ^~~~~~~
C/C++: C:/Users/alex/.gemini/antigravity/scratch/retro-tts-app/app/src/main/cpp/dectalk_repo/include/c_us_cde.h:258:5: warning: initializing 'const unsigned char *' with an expression of type 'char[4]' converts between pointers to integer types where one is of the unique plain 'char' type and the other is not [-Wpointer-sign]
C/C++:   258 |     "val",
C/C++:       |     ^~~~~
C/C++: C:/Users/alex/.gemini/antigravity/scratch/retro-tts-app/app/src/main/cpp/dectalk_repo/include/c_us_cde.h:267:5: warning: initializing 'const unsigned char *' with an expression of type 'char[5]' converts between pointers to integer types where one is of the unique plain 'char' type and the other is not [-Wpointer-sign]
C/C++:   267 |     "mark",
C/C++:       |     ^~~~~~
C/C++: C:/Users/alex/.gemini/antigravity/scratch/retro-tts-app/app/src/main/cpp/dectalk_repo/include/c_us_cde.h:268:5: warning: initializing 'const unsigned char *' with an expression of type 'char[6]' converts between pointers to integer types where one is of the unique plain 'char' type and the other is not [-Wpointer-sign]
C/C++:   268 |     "reply",
C/C++:       |     ^~~~~~~
C/C++: C:/Users/alex/.gemini/antigravity/scratch/retro-tts-app/app/src/main/cpp/dectalk_repo/include/c_us_cde.h:269:5: warning: initializing 'const unsigned char *' with an expression of type 'char[6]' converts between pointers to integer types where one is of the unique plain 'char' type and the other is not [-Wpointer-sign]
C/C++:   269 |     "query",
C/C++:       |     ^~~~~~~
C/C++: C:/Users/alex/.gemini/antigravity/scratch/retro-tts-app/app/src/main/cpp/dectalk_repo/include/c_us_cde.h:270:5: warning: initializing 'const unsigned char *' with an expression of type 'char[6]' converts between pointers to integer types where one is of the unique plain 'char' type and the other is not [-Wpointer-sign]
C/C++:   270 |     "pause",
C/C++:       |     ^~~~~~~
C/C++: C:/Users/alex/.gemini/antigravity/scratch/retro-tts-app/app/src/main/cpp/dectalk_repo/include/c_us_cde.h:274:5: warning: initializing 'const unsigned char *' with an expression of type 'char[10]' converts between pointers to integer types where one is of the unique plain 'char' type and the other is not [-Wpointer-sign]
C/C++:   274 |     "masculine",
C/C++:       |     ^~~~~~~~~~~
C/C++: C:/Users/alex/.gemini/antigravity/scratch/retro-tts-app/app/src/main/cpp/dectalk_repo/include/c_us_cde.h:275:5: warning: initializing 'const unsigned char *' with an expression of type 'char[7]' converts between pointers to integer types where one is of the unique plain 'char' type and the other is not [-Wpointer-sign]
C/C++:   275 |     "neuter",
C/C++:       |     ^~~~~~~~
C/C++: C:/Users/alex/.gemini/antigravity/scratch/retro-tts-app/app/src/main/cpp/dectalk_repo/include/c_us_cde.h:276:5: warning: initializing 'const unsigned char *' with an expression of type 'char[9]' converts between pointers to integer types where one is of the unique plain 'char' type and the other is not [-Wpointer-sign]
C/C++:   276 |     "feminine",
C/C++:       |     ^~~~~~~~~~
C/C++: C:/Users/alex/.gemini/antigravity/scratch/retro-tts-app/app/src/main/cpp/dectalk_repo/include/c_us_cde.h:285:5: warning: initializing 'const unsigned char *' with an expression of type 'char[5]' converts between pointers to integer types where one is of the unique plain 'char' type and the other is not [-Wpointer-sign]
C/C++:   285 |     "save", /* make the changes permanent */
C/C++:       |     ^~~~~~
C/C++: C:/Users/alex/.gemini/antigravity/scratch/retro-tts-app/app/src/main/cpp/dectalk_repo/include/c_us_cde.h:286:5: warning: initializing 'const unsigned char *' with an expression of type 'char[3]' converts between pointers to integer types where one is of the unique plain 'char' type and the other is not [-Wpointer-sign]
C/C++:   286 |     "sx",   /* SEX = m */
C/C++:       |     ^~~~
C/C++: C:/Users/alex/.gemini/antigravity/scratch/retro-tts-app/app/src/main/cpp/dectalk_repo/include/c_us_cde.h:287:5: warning: initializing 'const unsigned char *' with an expression of type 'char[3]' converts between pointers to integer types where one is of the unique plain 'char' type and the other is not [-Wpointer-sign]
C/C++:   287 |     "sm",   /* SM (smoothness in %, actually spectral tilt offset) */
C/C++:       |     ^~~~
C/C++: C:/Users/alex/.gemini/antigravity/scratch/retro-tts-app/app/src/main/cpp/dectalk_repo/include/c_us_cde.h:288:5: warning: initializing 'const unsigned char *' with an expression of type 'char[3]' converts between pointers to integer types where one is of the unique plain 'char' type and the other is not [-Wpointer-sign]
C/C++:   288 |     "as",   /* AS (assertiveness, degree of final f0 fall in % */
C/C++:       |     ^~~~
C/C++: C:/Users/alex/.gemini/antigravity/scratch/retro-tts-app/app/src/main/cpp/dectalk_repo/include/c_us_cde.h:289:5: warning: initializing 'const unsigned char *' with an expression of type 'char[3]' converts between pointers to integer types where one is of the unique plain 'char' type and the other is not [-Wpointer-sign]
C/C++:   289 |     "ap",   /* AP (Average pitch in Hz) */
C/C++:       |     ^~~~
C/C++: C:/Users/alex/.gemini/antigravity/scratch/retro-tts-app/app/src/main/cpp/dectalk_repo/include/c_us_cde.h:290:5: warning: initializing 'const unsigned char *' with an expression of type 'char[3]' converts between pointers to integer types where one is of the unique plain 'char' type and the other is not [-Wpointer-sign]
C/C++:   290 |     "pr",   /* PR (pitch range in percent of Paul's range) */
C/C++:       |     ^~~~
C/C++: C:/Users/alex/.gemini/antigravity/scratch/retro-tts-app/app/src/main/cpp/dectalk_repo/include/c_us_cde.h:291:5: warning: initializing 'const unsigned char *' with an expression of type 'char[3]' converts between pointers to integer types where one is of the unique plain 'char' type and the other is not [-Wpointer-sign]
C/C++:   291 |     "br",   /* BR (breathiness in dB) */
C/C++:       |     ^~~~
C/C++: C:/Users/alex/.gemini/antigravity/scratch/retro-tts-app/app/src/main/cpp/dectalk_repo/include/c_us_cde.h:292:5: warning: initializing 'const unsigned char *' with an expression of type 'char[3]' converts between pointers to integer types where one is of the unique plain 'char' type and the other is not [-Wpointer-sign]
C/C++:   292 |     "ri",   /* RI (was 45,Richness in %, actually nopen is 100-RI % of T0) */
C/C++:       |     ^~~~
C/C++: C:/Users/alex/.gemini/antigravity/scratch/retro-tts-app/app/src/main/cpp/dectalk_repo/include/c_us_cde.h:293:5: warning: initializing 'const unsigned char *' with an expression of type 'char[3]' converts between pointers to integer types where one is of the unique plain 'char' type and the other is not [-Wpointer-sign]
C/C++:   293 |     "nf",   /* NF (additional fixed number of samples in nopen) */
C/C++:       |     ^~~~
C/C++: C:/Users/alex/.gemini/antigravity/scratch/retro-tts-app/app/src/main/cpp/dectalk_repo/include/c_us_cde.h:294:5: warning: initializing 'const unsigned char *' with an expression of type 'char[3]' converts between pointers to integer types where one is of the unique plain 'char' type and the other is not [-Wpointer-sign]
C/C++:   294 |     "la",   /* LA (laryngealization, in percent) */
C/C++:       |     ^~~~
C/C++: C:/Users/alex/.gemini/antigravity/scratch/retro-tts-app/app/src/main/cpp/dectalk_repo/include/c_us_cde.h:295:5: warning: initializing 'const unsigned char *' with an expression of type 'char[3]' converts between pointers to integer types where one is of the unique plain 'char' type and the other is not [-Wpointer-sign]
C/C++:   295 |     "hs",   /* HS (head size, in percent relative to normal for SEX) */
C/C++:       |     ^~~~
C/C++: C:/Users/alex/.gemini/antigravity/scratch/retro-tts-app/app/src/main/cpp/dectalk_repo/include/c_us_cde.h:296:5: warning: initializing 'const unsigned char *' with an expression of type 'char[3]' converts between pointers to integer types where one is of the unique plain 'char' type and the other is not [-Wpointer-sign]
C/C++:   296 |     "f4",   /* F4 (was 3350, frequency in Hz of cascade 4th formant = F4*100/HS) */
C/C++:       |     ^~~~
C/C++: C:/Users/alex/.gemini/antigravity/scratch/retro-tts-app/app/src/main/cpp/dectalk_repo/include/c_us_cde.h:297:5: warning: initializing 'const unsigned char *' with an expression of type 'char[3]' converts between pointers to integer types where one is of the unique plain 'char' type and the other is not [-Wpointer-sign]
C/C++:   297 |     "b4",   /* B4 (was 230, bandwidth in Hz of cascade 4th formant) */
C/C++:       |     ^~~~
C/C++: C:/Users/alex/.gemini/antigravity/scratch/retro-tts-app/app/src/main/cpp/dectalk_repo/include/c_us_cde.h:298:5: warning: initializing 'const unsigned char *' with an expression of type 'char[3]' converts between pointers to integer types where one is of the unique plain 'char' type and the other is not [-Wpointer-sign]
C/C++:   298 |     "f5",   /* F5 (was 3900, frequency in Hz of cascade 5th formant = F5*100/HS) */
C/C++:       |     ^~~~
C/C++: C:/Users/alex/.gemini/antigravity/scratch/retro-tts-app/app/src/main/cpp/dectalk_repo/include/c_us_cde.h:299:5: warning: initializing 'const unsigned char *' with an expression of type 'char[3]' converts between pointers to integer types where one is of the unique plain 'char' type and the other is not [-Wpointer-sign]
C/C++:   299 |     "b5",   /* B5 (was 180, bandwidth in Hz of cascaded 5th formant) */
C/C++:       |     ^~~~
C/C++: C:/Users/alex/.gemini/antigravity/scratch/retro-tts-app/app/src/main/cpp/dectalk_repo/include/c_us_cde.h:300:5: warning: initializing 'const unsigned char *' with an expression of type 'char[3]' converts between pointers to integer types where one is of the unique plain 'char' type and the other is not [-Wpointer-sign]
C/C++:   300 |     "f7",   /* F7 (frequency in Hz of parallel 4th formant = F7) */
C/C++:       |     ^~~~
C/C++: C:/Users/alex/.gemini/antigravity/scratch/retro-tts-app/app/src/main/cpp/dectalk_repo/include/c_us_cde.h:301:5: warning: initializing 'const unsigned char *' with an expression of type 'char[3]' converts between pointers to integer types where one is of the unique plain 'char' type and the other is not [-Wpointer-sign]
C/C++:   301 |     "f8",   /* F8 (frequency in Hz of parallel 5th formant = F8) */
C/C++:       |     ^~~~
C/C++: C:/Users/alex/.gemini/antigravity/scratch/retro-tts-app/app/src/main/cpp/dectalk_repo/include/c_us_cde.h:302:5: warning: initializing 'const unsigned char *' with an expression of type 'char[3]' converts between pointers to integer types where one is of the unique plain 'char' type and the other is not [-Wpointer-sign]
C/C++:   302 |     "gf",   /* GF (gain of frication source in dB) */
C/C++:       |     ^~~~
C/C++: C:/Users/alex/.gemini/antigravity/scratch/retro-tts-app/app/src/main/cpp/dectalk_repo/include/c_us_cde.h:303:5: warning: initializing 'const unsigned char *' with an expression of type 'char[3]' converts between pointers to integer types where one is of the unique plain 'char' type and the other is not [-Wpointer-sign]
C/C++:   303 |     "gh",   /* GH (gain of aspiration source in dB) */
C/C++:       |     ^~~~
C/C++: C:/Users/alex/.gemini/antigravity/scratch/retro-tts-app/app/src/main/cpp/dectalk_repo/include/c_us_cde.h:304:5: warning: initializing 'const unsigned char *' with an expression of type 'char[3]' converts between pointers to integer types where one is of the unique plain 'char' type and the other is not [-Wpointer-sign]
C/C++:   304 |     "gv",   /* GV (gain of voicing source in dB ) */
C/C++:       |     ^~~~
C/C++: C:/Users/alex/.gemini/antigravity/scratch/retro-tts-app/app/src/main/cpp/dectalk_repo/include/c_us_cde.h:305:5: warning: initializing 'const unsigned char *' with an expression of type 'char[3]' converts between pointers to integer types where one is of the unique plain 'char' type and the other is not [-Wpointer-sign]
C/C++:   305 |     "gn",   /* GN (gain of input to cascade nasal pole pair in dB) */
C/C++:       |     ^~~~
C/C++: C:/Users/alex/.gemini/antigravity/scratch/retro-tts-app/app/src/main/cpp/dectalk_repo/include/c_us_cde.h:306:5: warning: initializing 'const unsigned char *' with an expression of type 'char[3]' converts between pointers to integer types where one is of the unique plain 'char' type and the other is not [-Wpointer-sign]
C/C++:   306 |     "g1",   /* G1 (gain of input to cascade 5th formant in dB) */
C/C++:       |     ^~~~
C/C++: C:/Users/alex/.gemini/antigravity/scratch/retro-tts-app/app/src/main/cpp/dectalk_repo/include/c_us_cde.h:307:5: warning: initializing 'const unsigned char *' with an expression of type 'char[3]' converts between pointers to integer types where one is of the unique plain 'char' type and the other is not [-Wpointer-sign]
C/C++:   307 |     "g2",   /* G2 (gain of input to cascade 4th formant in dB) */
C/C++:       |     ^~~~
C/C++: C:/Users/alex/.gemini/antigravity/scratch/retro-tts-app/app/src/main/cpp/dectalk_repo/include/c_us_cde.h:308:5: warning: initializing 'const unsigned char *' with an expression of type 'char[3]' converts between pointers to integer types where one is of the unique plain 'char' type and the other is not [-Wpointer-sign]
C/C++:   308 |     "g3",   /* G3 (gain of input to cascade 3rd formant in dB) */
C/C++:       |     ^~~~
C/C++: C:/Users/alex/.gemini/antigravity/scratch/retro-tts-app/app/src/main/cpp/dectalk_repo/include/c_us_cde.h:309:5: warning: initializing 'const unsigned char *' with an expression of type 'char[3]' converts between pointers to integer types where one is of the unique plain 'char' type and the other is not [-Wpointer-sign]
C/C++:   309 |     "g4",   /* G4 (gain of input to cascade 2nd formant in dB) */
C/C++:       |     ^~~~
C/C++: C:/Users/alex/.gemini/antigravity/scratch/retro-tts-app/app/src/main/cpp/dectalk_repo/include/c_us_cde.h:310:5: warning: initializing 'const unsigned char *' with an expression of type 'char[3]' converts between pointers to integer types where one is of the unique plain 'char' type and the other is not [-Wpointer-sign]
C/C++:   310 |     "g5",   /* LO (Loudness, gain input to cascade 1st formant in dB) */
C/C++:       |     ^~~~
C/C++: C:/Users/alex/.gemini/antigravity/scratch/retro-tts-app/app/src/main/cpp/dectalk_repo/include/c_us_cde.h:311:5: warning: initializing 'const unsigned char *' with an expression of type 'char[3]' converts between pointers to integer types where one is of the unique plain 'char' type and the other is not [-Wpointer-sign]
C/C++:   311 |     "ft",   /* FT (f0-dependent spectral tilt in % of max) */
C/C++:       |     ^~~~
C/C++: C:/Users/alex/.gemini/antigravity/scratch/retro-tts-app/app/src/main/cpp/dectalk_repo/include/c_us_cde.h:312:5: warning: initializing 'const unsigned char *' with an expression of type 'char[3]' converts between pointers to integer types where one is of the unique plain 'char' type and the other is not [-Wpointer-sign]
C/C++:   312 |     "bf",   /* BF (baseline f0 fall in Hz) */
C/C++:       |     ^~~~
C/C++: C:/Users/alex/.gemini/antigravity/scratch/retro-tts-app/app/src/main/cpp/dectalk_repo/include/c_us_cde.h:313:5: warning: initializing 'const unsigned char *' with an expression of type 'char[3]' converts between pointers to integer types where one is of the unique plain 'char' type and the other is not [-Wpointer-sign]
C/C++:   313 |     "lx",   /* LX (lax folds adjacent to voiceless sound -> breathiness) */
C/C++:       |     ^~~~
C/C++: C:/Users/alex/.gemini/antigravity/scratch/retro-tts-app/app/src/main/cpp/dectalk_repo/include/c_us_cde.h:314:5: warning: initializing 'const unsigned char *' with an expression of type 'char[3]' converts between pointers to integer types where one is of the unique plain 'char' type and the other is not [-Wpointer-sign]
C/C++:   314 |     "qu",   /* QU (quickness of larynx gestures in % of max quickness) */
C/C++:       |     ^~~~
C/C++: C:/Users/alex/.gemini/antigravity/scratch/retro-tts-app/app/src/main/cpp/dectalk_repo/include/c_us_cde.h:315:5: warning: initializing 'const unsigned char *' with an expression of type 'char[3]' converts between pointers to integer types where one is of the unique plain 'char' type and the other is not [-Wpointer-sign]
C/C++:   315 |     "hr",   /* HR (hat-pattern fundamental frequency rise in Hz) */
C/C++:       |     ^~~~
C/C++: C:/Users/alex/.gemini/antigravity/scratch/retro-tts-app/app/src/main/cpp/dectalk_repo/include/c_us_cde.h:316:5: warning: initializing 'const unsigned char *' with an expression of type 'char[3]' converts between pointers to integer types where one is of the unique plain 'char' type and the other is not [-Wpointer-sign]
C/C++:   316 |     "sr",   /* SR (height of max stress-rise impulse of f0 in Hz, was 32) */
C/C++:       |     ^~~~
C/C++: C:/Users/alex/.gemini/antigravity/scratch/retro-tts-app/app/src/main/cpp/dectalk_repo/include/c_us_cde.h:317:5: warning: initializing 'const unsigned char *' with an expression of type 'char[4]' converts between pointers to integer types where one is of the unique plain 'char' type and the other is not [-Wpointer-sign]
C/C++:   317 |     "ago",  /* average voiced glottal opening */
C/C++:       |     ^~~~~
C/C++: C:/Users/alex/.gemini/antigravity/scratch/retro-tts-app/app/src/main/cpp/dectalk_repo/include/c_us_cde.h:318:5: warning: initializing 'const unsigned char *' with an expression of type 'char[5]' converts between pointers to integer types where one is of the unique plain 'char' type and the other is not [-Wpointer-sign]
C/C++:   318 |     "agvo", // delta for a voiced obstruent
C/C++:       |     ^~~~~~
C/C++: C:/Users/alex/.gemini/antigravity/scratch/retro-tts-app/app/src/main/cpp/dectalk_repo/include/c_us_cde.h:319:5: warning: initializing 'const unsigned char *' with an expression of type 'char[5]' converts between pointers to integer types where one is of the unique plain 'char' type and the other is not [-Wpointer-sign]
C/C++:   319 |     "aguo", // delta for an unvoiced obstryuent
C/C++:       |     ^~~~~~
C/C++: C:/Users/alex/.gemini/antigravity/scratch/retro-tts-app/app/src/main/cpp/dectalk_repo/include/c_us_cde.h:320:5: warning: initializing 'const unsigned char *' with an expression of type 'char[6]' converts between pointers to integer types where one is of the unique plain 'char' type and the other is not [-Wpointer-sign]
C/C++:   320 |     "chink",
C/C++:       |     ^~~~~~~
C/C++: C:/Users/alex/.gemini/antigravity/scratch/retro-tts-app/app/src/main/cpp/dectalk_repo/include/c_us_cde.h:321:5: warning: initializing 'const unsigned char *' with an expression of type 'char[3]' converts between pointers to integer types where one is of the unique plain 'char' type and the other is not [-Wpointer-sign]
C/C++:   321 |     "oq",
C/C++:       |     ^~~~
C/C++: C:/Users/alex/.gemini/antigravity/scratch/retro-tts-app/app/src/main/cpp/dectalk_repo/include/c_us_cde.h:327:6: warning: initializing 'unsigned char *' with an expression of type 'char[5]' converts between pointers to integer types where one is of the unique plain 'char' type and the other is not [-Wpointer-sign]
C/C++:   327 |     {"rate", "d", 1, DCS_RATE, cm_cmd_rate},
C/C++:       |      ^~~~~~
C/C++: C:/Users/alex/.gemini/antigravity/scratch/retro-tts-app/app/src/main/cpp/dectalk_repo/include/c_us_cde.h:327:14: warning: initializing 'unsigned char *' with an expression of type 'char[2]' converts between pointers to integer types where one is of the unique plain 'char' type and the other is not [-Wpointer-sign]
C/C++:   327 |     {"rate", "d", 1, DCS_RATE, cm_cmd_rate},
C/C++:       |              ^~~
C/C++: C:/Users/alex/.gemini/antigravity/scratch/retro-tts-app/app/src/main/cpp/dectalk_repo/include/c_us_cde.h:328:6: warning: initializing 'unsigned char *' with an expression of type 'char[6]' converts between pointers to integer types where one is of the unique plain 'char' type and the other is not [-Wpointer-sign]
C/C++:   328 |     {"latin", "d", 1, DCS_LATIN, cm_cmd_latin},
C/C++:       |      ^~~~~~~
C/C++: C:/Users/alex/.gemini/antigravity/scratch/retro-tts-app/app/src/main/cpp/dectalk_repo/include/c_us_cde.h:328:15: warning: initializing 'unsigned char *' with an expression of type 'char[2]' converts between pointers to integer types where one is of the unique plain 'char' type and the other is not [-Wpointer-sign]
C/C++:   328 |     {"latin", "d", 1, DCS_LATIN, cm_cmd_latin},
C/C++:       |               ^~~
C/C++: C:/Users/alex/.gemini/antigravity/scratch/retro-tts-app/app/src/main/cpp/dectalk_repo/include/c_us_cde.h:329:6: warning: initializing 'unsigned char *' with an expression of type 'char[5]' converts between pointers to integer types where one is of the unique plain 'char' type and the other is not [-Wpointer-sign]
C/C++:   329 |     {"name", "a", 1, DCS_NAME, cm_cmd_name},
C/C++:       |      ^~~~~~
C/C++: C:/Users/alex/.gemini/antigravity/scratch/retro-tts-app/app/src/main/cpp/dectalk_repo/include/c_us_cde.h:329:14: warning: initializing 'unsigned char *' with an expression of type 'char[2]' converts between pointers to integer types where one is of the unique plain 'char' type and the other is not [-Wpointer-sign]
C/C++:   329 |     {"name", "a", 1, DCS_NAME, cm_cmd_name},
C/C++:       |              ^~~
C/C++: C:/Users/alex/.gemini/antigravity/scratch/retro-tts-app/app/src/main/cpp/dectalk_repo/include/c_us_cde.h:330:6: warning: initializing 'unsigned char *' with an expression of type 'char[3]' converts between pointers to integer types where one is of the unique plain 'char' type and the other is not [-Wpointer-sign]
C/C++:   330 |     {"np", "", 0, DCS_NAME_PAUL, cm_cmd_name},
C/C++:       |      ^~~~
C/C++: C:/Users/alex/.gemini/antigravity/scratch/retro-tts-app/app/src/main/cpp/dectalk_repo/include/c_us_cde.h:330:12: warning: initializing 'unsigned char *' with an expression of type 'char[1]' converts between pointers to integer types where one is of the unique plain 'char' type and the other is not [-Wpointer-sign]
C/C++:   330 |     {"np", "", 0, DCS_NAME_PAUL, cm_cmd_name},
C/C++:       |            ^~
C/C++: C:/Users/alex/.gemini/antigravity/scratch/retro-tts-app/app/src/main/cpp/dectalk_repo/include/c_us_cde.h:331:6: warning: initializing 'unsigned char *' with an expression of type 'char[3]' converts between pointers to integer types where one is of the unique plain 'char' type and the other is not [-Wpointer-sign]
C/C++:   331 |     {"nb", "", 0, DCS_NAME_BETTY, cm_cmd_name},
C/C++:       |      ^~~~
C/C++: C:/Users/alex/.gemini/antigravity/scratch/retro-tts-app/app/src/main/cpp/dectalk_repo/include/c_us_cde.h:331:12: warning: initializing 'unsigned char *' with an expression of type 'char[1]' converts between pointers to integer types where one is of the unique plain 'char' type and the other is not [-Wpointer-sign]
C/C++:   331 |     {"nb", "", 0, DCS_NAME_BETTY, cm_cmd_name},
C/C++:       |            ^~
C/C++: C:/Users/alex/.gemini/antigravity/scratch/retro-tts-app/app/src/main/cpp/dectalk_repo/include/c_us_cde.h:335:6: warning: initializing 'unsigned char *' with an expression of type 'char[3]' converts between pointers to integer types where one is of the unique plain 'char' type and the other is not [-Wpointer-sign]
C/C++:   335 |     {"nh", "", 0, DCS_NAME_HARRY, cm_cmd_name},
C/C++:       |      ^~~~
C/C++: C:/Users/alex/.gemini/antigravity/scratch/retro-tts-app/app/src/main/cpp/dectalk_repo/include/c_us_cde.h:335:12: warning: initializing 'unsigned char *' with an expression of type 'char[1]' converts between pointers to integer types where one is of the unique plain 'char' type and the other is not [-Wpointer-sign]
C/C++:   335 |     {"nh", "", 0, DCS_NAME_HARRY, cm_cmd_name},
C/C++:       |            ^~
C/C++: C:/Users/alex/.gemini/antigravity/scratch/retro-tts-app/app/src/main/cpp/dectalk_repo/include/c_us_cde.h:336:6: warning: initializing 'unsigned char *' with an expression of type 'char[3]' converts between pointers to integer types where one is of the unique plain 'char' type and the other is not [-Wpointer-sign]
C/C++:   336 |     {"nf", "", 0, DCS_NAME_FRANK, cm_cmd_name},
C/C++:       |      ^~~~
C/C++: C:/Users/alex/.gemini/antigravity/scratch/retro-tts-app/app/src/main/cpp/dectalk_repo/include/c_us_cde.h:336:12: warning: initializing 'unsigned char *' with an expression of type 'char[1]' converts between pointers to integer types where one is of the unique plain 'char' type and the other is not [-Wpointer-sign]
C/C++:   336 |     {"nf", "", 0, DCS_NAME_FRANK, cm_cmd_name},
C/C++:       |            ^~
C/C++: C:/Users/alex/.gemini/antigravity/scratch/retro-tts-app/app/src/main/cpp/dectalk_repo/include/c_us_cde.h:337:6: warning: initializing 'unsigned char *' with an expression of type 'char[3]' converts between pointers to integer types where one is of the unique plain 'char' type and the other is not [-Wpointer-sign]
C/C++:   337 |     {"nd", "", 0, DCS_NAME_DENNIS, cm_cmd_name},
C/C++:       |      ^~~~
C/C++: C:/Users/alex/.gemini/antigravity/scratch/retro-tts-app/app/src/main/cpp/dectalk_repo/include/c_us_cde.h:337:12: warning: initializing 'unsigned char *' with an expression of type 'char[1]' converts between pointers to integer types where one is of the unique plain 'char' type and the other is not [-Wpointer-sign]
C/C++:   337 |     {"nd", "", 0, DCS_NAME_DENNIS, cm_cmd_name},
C/C++:       |            ^~
C/C++: C:/Users/alex/.gemini/antigravity/scratch/retro-tts-app/app/src/main/cpp/dectalk_repo/include/c_us_cde.h:338:6: warning: initializing 'unsigned char *' with an expression of type 'char[3]' converts between pointers to integer types where one is of the unique plain 'char' type and the other is not [-Wpointer-sign]
C/C++:   338 |     {"nk", "", 0, DCS_NAME_THE_KID, cm_cmd_name},
C/C++:       |      ^~~~
C/C++: C:/Users/alex/.gemini/antigravity/scratch/retro-tts-app/app/src/main/cpp/dectalk_repo/include/c_us_cde.h:338:12: warning: initializing 'unsigned char *' with an expression of type 'char[1]' converts between pointers to integer types where one is of the unique plain 'char' type and the other is not [-Wpointer-sign]
C/C++:   338 |     {"nk", "", 0, DCS_NAME_THE_KID, cm_cmd_name},
C/C++:       |            ^~
C/C++: C:/Users/alex/.gemini/antigravity/scratch/retro-tts-app/app/src/main/cpp/dectalk_repo/include/c_us_cde.h:339:6: warning: initializing 'unsigned char *' with an expression of type 'char[3]' converts between pointers to integer types where one is of the unique plain 'char' type and the other is not [-Wpointer-sign]
C/C++:   339 |     {"nu", "", 0, DCS_NAME_URSULA, cm_cmd_name},
C/C++:       |      ^~~~
C/C++: C:/Users/alex/.gemini/antigravity/scratch/retro-tts-app/app/src/main/cpp/dectalk_repo/include/c_us_cde.h:339:12: warning: initializing 'unsigned char *' with an expression of type 'char[1]' converts between pointers to integer types where one is of the unique plain 'char' type and the other is not [-Wpointer-sign]
C/C++:   339 |     {"nu", "", 0, DCS_NAME_URSULA, cm_cmd_name},
C/C++:       |            ^~
C/C++: C:/Users/alex/.gemini/antigravity/scratch/retro-tts-app/app/src/main/cpp/dectalk_repo/include/c_us_cde.h:340:6: warning: initializing 'unsigned char *' with an expression of type 'char[3]' converts between pointers to integer types where one is of the unique plain 'char' type and the other is not [-Wpointer-sign]
C/C++:   340 |     {"nr", "", 0, DCS_NAME_RITA, cm_cmd_name},
C/C++:       |      ^~~~
C/C++: C:/Users/alex/.gemini/antigravity/scratch/retro-tts-app/app/src/main/cpp/dectalk_repo/include/c_us_cde.h:340:12: warning: initializing 'unsigned char *' with an expression of type 'char[1]' converts between pointers to integer types where one is of the unique plain 'char' type and the other is not [-Wpointer-sign]
C/C++:   340 |     {"nr", "", 0, DCS_NAME_RITA, cm_cmd_name},
C/C++:       |            ^~
C/C++: C:/Users/alex/.gemini/antigravity/scratch/retro-tts-app/app/src/main/cpp/dectalk_repo/include/c_us_cde.h:341:6: warning: initializing 'unsigned char *' with an expression of type 'char[3]' converts between pointers to integer types where one is of the unique plain 'char' type and the other is not [-Wpointer-sign]
C/C++:   341 |     {"nw", "", 0, DCS_NAME_WILLY, cm_cmd_name},
C/C++:       |      ^~~~
C/C++: C:/Users/alex/.gemini/antigravity/scratch/retro-tts-app/app/src/main/cpp/dectalk_repo/include/c_us_cde.h:341:12: warning: initializing 'unsigned char *' with an expression of type 'char[1]' converts between pointers to integer types where one is of the unique plain 'char' type and the other is not [-Wpointer-sign]
C/C++:   341 |     {"nw", "", 0, DCS_NAME_WILLY, cm_cmd_name},
C/C++:       |            ^~
C/C++: C:/Users/alex/.gemini/antigravity/scratch/retro-tts-app/app/src/main/cpp/dectalk_repo/include/c_us_cde.h:342:6: warning: initializing 'unsigned char *' with an expression of type 'char[3]' converts between pointers to integer types where one is of the unique plain 'char' type and the other is not [-Wpointer-sign]
C/C++:   342 |     {"nv", "", 0, DCS_NAME_VAL, cm_cmd_name},
C/C++:       |      ^~~~
C/C++: C:/Users/alex/.gemini/antigravity/scratch/retro-tts-app/app/src/main/cpp/dectalk_repo/include/c_us_cde.h:342:12: warning: initializing 'unsigned char *' with an expression of type 'char[1]' converts between pointers to integer types where one is of the unique plain 'char' type and the other is not [-Wpointer-sign]
C/C++:   342 |     {"nv", "", 0, DCS_NAME_VAL, cm_cmd_name},
C/C++:       |            ^~
C/C++: C:/Users/alex/.gemini/antigravity/scratch/retro-tts-app/app/src/main/cpp/dectalk_repo/include/c_us_cde.h:343:6: warning: initializing 'unsigned char *' with an expression of type 'char[6]' converts between pointers to integer types where one is of the unique plain 'char' type and the other is not [-Wpointer-sign]
C/C++:   343 |     {"comma", "d", 1, DCS_COMMA, cm_cmd_comma},
C/C++:       |      ^~~~~~~
C/C++: C:/Users/alex/.gemini/antigravity/scratch/retro-tts-app/app/src/main/cpp/dectalk_repo/include/c_us_cde.h:343:15: warning: initializing 'unsigned char *' with an expression of type 'char[2]' converts between pointers to integer types where one is of the unique plain 'char' type and the other is not [-Wpointer-sign]
C/C++:   343 |     {"comma", "d", 1, DCS_COMMA, cm_cmd_comma},
C/C++:       |               ^~~
C/C++: C:/Users/alex/.gemini/antigravity/scratch/retro-tts-app/app/src/main/cpp/dectalk_repo/include/c_us_cde.h:344:6: warning: initializing 'unsigned char *' with an expression of type 'char[3]' converts between pointers to integer types where one is of the unique plain 'char' type and the other is not [-Wpointer-sign]
C/C++:   344 |     {"cp", "d", 1, DCS_COMMA, cm_cmd_comma},
C/C++:       |      ^~~~
C/C++: C:/Users/alex/.gemini/antigravity/scratch/retro-tts-app/app/src/main/cpp/dectalk_repo/include/c_us_cde.h:344:12: warning: initializing 'unsigned char *' with an expression of type 'char[2]' converts between pointers to integer types where one is of the unique plain 'char' type and the other is not [-Wpointer-sign]
C/C++:   344 |     {"cp", "d", 1, DCS_COMMA, cm_cmd_comma},
C/C++:       |            ^~~
C/C++: C:/Users/alex/.gemini/antigravity/scratch/retro-tts-app/app/src/main/cpp/dectalk_repo/include/c_us_cde.h:345:6: warning: initializing 'unsigned char *' with an expression of type 'char[7]' converts between pointers to integer types where one is of the unique plain 'char' type and the other is not [-Wpointer-sign]
C/C++:   345 |     {"period", "d", 1, DCS_PERIOD, cm_cmd_period},
C/C++:       |      ^~~~~~~~
C/C++: C:/Users/alex/.gemini/antigravity/scratch/retro-tts-app/app/src/main/cpp/dectalk_repo/include/c_us_cde.h:345:16: warning: initializing 'unsigned char *' with an expression of type 'char[2]' converts between pointers to integer types where one is of the unique plain 'char' type and the other is not [-Wpointer-sign]
C/C++:   345 |     {"period", "d", 1, DCS_PERIOD, cm_cmd_period},
C/C++:       |                ^~~
C/C++: C:/Users/alex/.gemini/antigravity/scratch/retro-tts-app/app/src/main/cpp/dectalk_repo/include/c_us_cde.h:346:6: warning: initializing 'unsigned char *' with an expression of type 'char[3]' converts between pointers to integer types where one is of the unique plain 'char' type and the other is not [-Wpointer-sign]
C/C++:   346 |     {"pp", "d", 1, DCS_PERIOD, cm_cmd_period},
C/C++:       |      ^~~~
C/C++: C:/Users/alex/.gemini/antigravity/scratch/retro-tts-app/app/src/main/cpp/dectalk_repo/include/c_us_cde.h:346:12: warning: initializing 'unsigned char *' with an expression of type 'char[2]' converts between pointers to integer types where one is of the unique plain 'char' type and the other is not [-Wpointer-sign]
C/C++:   346 |     {"pp", "d", 1, DCS_PERIOD, cm_cmd_period},
C/C++:       |            ^~~
C/C++: C:/Users/alex/.gemini/antigravity/scratch/retro-tts-app/app/src/main/cpp/dectalk_repo/include/c_us_cde.h:347:6: warning: initializing 'unsigned char *' with an expression of type 'char[7]' converts between pointers to integer types where one is of the unique plain 'char' type and the other is not [-Wpointer-sign]
C/C++:   347 |     {"volume", "add", 3, DCS_VOLUME_SET, cm_cmd_volume},
C/C++:       |      ^~~~~~~~
C/C++: C:/Users/alex/.gemini/antigravity/scratch/retro-tts-app/app/src/main/cpp/dectalk_repo/include/c_us_cde.h:347:16: warning: initializing 'unsigned char *' with an expression of type 'char[4]' converts between pointers to integer types where one is of the unique plain 'char' type and the other is not [-Wpointer-sign]
C/C++:   347 |     {"volume", "add", 3, DCS_VOLUME_SET, cm_cmd_volume},
C/C++:       |                ^~~~~
C/C++: C:/Users/alex/.gemini/antigravity/scratch/retro-tts-app/app/src/main/cpp/dectalk_repo/include/c_us_cde.h:349:6: warning: initializing 'unsigned char *' with an expression of type 'char[3]' converts between pointers to integer types where one is of the unique plain 'char' type and the other is not [-Wpointer-sign]
C/C++:   349 |     {"vs", "d", 1, 0, cm_cmd_vs},
C/C++:       |      ^~~~
C/C++: C:/Users/alex/.gemini/antigravity/scratch/retro-tts-app/app/src/main/cpp/dectalk_repo/include/c_us_cde.h:349:12: warning: initializing 'unsigned char *' with an expression of type 'char[2]' converts between pointers to integer types where one is of the unique plain 'char' type and the other is not [-Wpointer-sign]
C/C++:   349 |     {"vs", "d", 1, 0, cm_cmd_vs},
C/C++:       |            ^~~
C/C++: C:/Users/alex/.gemini/antigravity/scratch/retro-tts-app/app/src/main/cpp/dectalk_repo/include/c_us_cde.h:350:6: warning: initializing 'unsigned char *' with an expression of type 'char[6]' converts between pointers to integer types where one is of the unique plain 'char' type and the other is not [-Wpointer-sign]
C/C++:   350 |     {"index", "add", 2, DCS_INDEX, cm_cmd_mark}, // tek bats404 add another parameter
C/C++:       |      ^~~~~~~
C/C++: C:/Users/alex/.gemini/antigravity/scratch/retro-tts-app/app/src/main/cpp/dectalk_repo/include/c_us_cde.h:350:15: warning: initializing 'unsigned char *' with an expression of type 'char[4]' converts between pointers to integer types where one is of the unique plain 'char' type and the other is not [-Wpointer-sign]
C/C++:   350 |     {"index", "add", 2, DCS_INDEX, cm_cmd_mark}, // tek bats404 add another parameter
C/C++:       |               ^~~~~
C/C++: C:/Users/alex/.gemini/antigravity/scratch/retro-tts-app/app/src/main/cpp/dectalk_repo/include/c_us_cde.h:351:6: warning: initializing 'unsigned char *' with an expression of type 'char[6]' converts between pointers to integer types where one is of the unique plain 'char' type and the other is not [-Wpointer-sign]
C/C++:   351 |     {"error", "a", 1, DCS_ERROR, cm_cmd_error},
C/C++:       |      ^~~~~~~
C/C++: C:/Users/alex/.gemini/antigravity/scratch/retro-tts-app/app/src/main/cpp/dectalk_repo/include/c_us_cde.h:351:15: warning: initializing 'unsigned char *' with an expression of type 'char[2]' converts between pointers to integer types where one is of the unique plain 'char' type and the other is not [-Wpointer-sign]
C/C++:   351 |     {"error", "a", 1, DCS_ERROR, cm_cmd_error},
C/C++:       |               ^~~
C/C++: C:/Users/alex/.gemini/antigravity/scratch/retro-tts-app/app/src/main/cpp/dectalk_repo/include/c_us_cde.h:352:6: warning: initializing 'unsigned char *' with an expression of type 'char[8]' converts between pointers to integer types where one is of the unique plain 'char' type and the other is not [-Wpointer-sign]
C/C++:   352 |     {"phoneme", "aaa", 3, DCS_PHONEME, cm_cmd_phoneme},
C/C++:       |      ^~~~~~~~~
C/C++: C:/Users/alex/.gemini/antigravity/scratch/retro-tts-app/app/src/main/cpp/dectalk_repo/include/c_us_cde.h:352:17: warning: initializing 'unsigned char *' with an expression of type 'char[4]' converts between pointers to integer types where one is of the unique plain 'char' type and the other is not [-Wpointer-sign]
C/C++:   352 |     {"phoneme", "aaa", 3, DCS_PHONEME, cm_cmd_phoneme},
C/C++:       |                 ^~~~~
C/C++: C:/Users/alex/.gemini/antigravity/scratch/retro-tts-app/app/src/main/cpp/dectalk_repo/include/c_us_cde.h:353:6: warning: initializing 'unsigned char *' with an expression of type 'char[4]' converts between pointers to integer types where one is of the unique plain 'char' type and the other is not [-Wpointer-sign]
C/C++:   353 |     {"log", "aa", 2, DCS_LOG, cm_cmd_log},
C/C++:       |      ^~~~~
C/C++: C:/Users/alex/.gemini/antigravity/scratch/retro-tts-app/app/src/main/cpp/dectalk_repo/include/c_us_cde.h:353:13: warning: initializing 'unsigned char *' with an expression of type 'char[3]' converts between pointers to integer types where one is of the unique plain 'char' type and the other is not [-Wpointer-sign]
C/C++:   353 |     {"log", "aa", 2, DCS_LOG, cm_cmd_log},
C/C++:       |             ^~~~
C/C++: C:/Users/alex/.gemini/antigravity/scratch/retro-tts-app/app/src/main/cpp/dectalk_repo/include/c_us_cde.h:354:6: warning: initializing 'unsigned char *' with an expression of type 'char[5]' converts between pointers to integer types where one is of the unique plain 'char' type and the other is not [-Wpointer-sign]
C/C++:   354 |     {"mode", "aa", 2, DCS_MODE, cm_cmd_mode},
C/C++:       |      ^~~~~~
C/C++: C:/Users/alex/.gemini/antigravity/scratch/retro-tts-app/app/src/main/cpp/dectalk_repo/include/c_us_cde.h:354:14: warning: initializing 'unsigned char *' with an expression of type 'char[3]' converts between pointers to integer types where one is of the unique plain 'char' type and the other is not [-Wpointer-sign]
C/C++:   354 |     {"mode", "aa", 2, DCS_MODE, cm_cmd_mode},
C/C++:       |              ^~~~
C/C++: C:/Users/alex/.gemini/antigravity/scratch/retro-tts-app/app/src/main/cpp/dectalk_repo/include/c_us_cde.h:355:6: warning: initializing 'unsigned char *' with an expression of type 'char[4]' converts between pointers to integer types where one is of the unique plain 'char' type and the other is not [-Wpointer-sign]
C/C++:   355 |     {"say", "a", 1, DCS_SAY, cm_cmd_say},
C/C++:       |      ^~~~~
C/C++: C:/Users/alex/.gemini/antigravity/scratch/retro-tts-app/app/src/main/cpp/dectalk_repo/include/c_us_cde.h:355:13: warning: initializing 'unsigned char *' with an expression of type 'char[2]' converts between pointers to integer types where one is of the unique plain 'char' type and the other is not [-Wpointer-sign]
C/C++:   355 |     {"say", "a", 1, DCS_SAY, cm_cmd_say},
C/C++:       |             ^~~
C/C++: C:/Users/alex/.gemini/antigravity/scratch/retro-tts-app/app/src/main/cpp/dectalk_repo/include/c_us_cde.h:356:6: warning: initializing 'unsigned char *' with an expression of type 'char[12]' converts between pointers to integer types where one is of the unique plain 'char' type and the other is not [-Wpointer-sign]
C/C++:   356 |     {"punctuation", "a", 1, DCS_PUNCT, cm_cmd_punct},
C/C++:       |      ^~~~~~~~~~~~~
C/C++: C:/Users/alex/.gemini/antigravity/scratch/retro-tts-app/app/src/main/cpp/dectalk_repo/include/c_us_cde.h:356:21: warning: initializing 'unsigned char *' with an expression of type 'char[2]' converts between pointers to integer types where one is of the unique plain 'char' type and the other is not [-Wpointer-sign]
C/C++:   356 |     {"punctuation", "a", 1, DCS_PUNCT, cm_cmd_punct},
C/C++:       |                     ^~~
C/C++: C:/Users/alex/.gemini/antigravity/scratch/retro-tts-app/app/src/main/cpp/dectalk_repo/include/c_us_cde.h:357:6: warning: initializing 'unsigned char *' with an expression of type 'char[5]' converts between pointers to integer types where one is of the unique plain 'char' type and the other is not [-Wpointer-sign]
C/C++:   357 |     {"skip", "a", 1, DCS_SKIP, cm_cmd_skip},
C/C++:       |      ^~~~~~
C/C++: C:/Users/alex/.gemini/antigravity/scratch/retro-tts-app/app/src/main/cpp/dectalk_repo/include/c_us_cde.h:357:14: warning: initializing 'unsigned char *' with an expression of type 'char[2]' converts between pointers to integer types where one is of the unique plain 'char' type and the other is not [-Wpointer-sign]
C/C++:   357 |     {"skip", "a", 1, DCS_SKIP, cm_cmd_skip},
C/C++:       |              ^~~
C/C++: C:/Users/alex/.gemini/antigravity/scratch/retro-tts-app/app/src/main/cpp/dectalk_repo/include/c_us_cde.h:358:6: warning: initializing 'unsigned char *' with an expression of type 'char[6]' converts between pointers to integer types where one is of the unique plain 'char' type and the other is not [-Wpointer-sign]
C/C++:   358 |     {"pause", "d", 1, DCS_PAUSE, cm_cmd_pause},
C/C++:       |      ^~~~~~~
C/C++: C:/Users/alex/.gemini/antigravity/scratch/retro-tts-app/app/src/main/cpp/dectalk_repo/include/c_us_cde.h:358:15: warning: initializing 'unsigned char *' with an expression of type 'char[2]' converts between pointers to integer types where one is of the unique plain 'char' type and the other is not [-Wpointer-sign]
C/C++:   358 |     {"pause", "d", 1, DCS_PAUSE, cm_cmd_pause},
C/C++:       |               ^~~
C/C++: C:/Users/alex/.gemini/antigravity/scratch/retro-tts-app/app/src/main/cpp/dectalk_repo/include/c_us_cde.h:359:6: warning: initializing 'unsigned char *' with an expression of type 'char[7]' converts between pointers to integer types where one is of the unique plain 'char' type and the other is not [-Wpointer-sign]
C/C++:   359 |     {"resume", "", 0, DCS_RESUME, cm_cmd_resume},
C/C++:       |      ^~~~~~~~
C/C++: C:/Users/alex/.gemini/antigravity/scratch/retro-tts-app/app/src/main/cpp/dectalk_repo/include/c_us_cde.h:359:16: warning: initializing 'unsigned char *' with an expression of type 'char[1]' converts between pointers to integer types where one is of the unique plain 'char' type and the other is not [-Wpointer-sign]
C/C++:   359 |     {"resume", "", 0, DCS_RESUME, cm_cmd_resume},
C/C++:       |                ^~
C/C++: C:/Users/alex/.gemini/antigravity/scratch/retro-tts-app/app/src/main/cpp/dectalk_repo/include/c_us_cde.h:360:6: warning: initializing 'unsigned char *' with an expression of type 'char[5]' converts between pointers to integer types where one is of the unique plain 'char' type and the other is not [-Wpointer-sign]
C/C++:   360 |     {"sync", "", 0, DCS_SYNC, cm_cmd_sync},
C/C++:       |      ^~~~~~
C/C++: C:/Users/alex/.gemini/antigravity/scratch/retro-tts-app/app/src/main/cpp/dectalk_repo/include/c_us_cde.h:360:14: warning: initializing 'unsigned char *' with an expression of type 'char[1]' converts between pointers to integer types where one is of the unique plain 'char' type and the other is not [-Wpointer-sign]
C/C++:   360 |     {"sync", "", 0, DCS_SYNC, cm_cmd_sync},
C/C++:       |              ^~
C/C++: C:/Users/alex/.gemini/antigravity/scratch/retro-tts-app/app/src/main/cpp/dectalk_repo/include/c_us_cde.h:361:6: warning: initializing 'unsigned char *' with an expression of type 'char[5]' converts between pointers to integer types where one is of the unique plain 'char' type and the other is not [-Wpointer-sign]
C/C++:   361 |     {"dial", "a", 1, DCS_DIAL, cm_cmd_dial},
C/C++:       |      ^~~~~~
C/C++: C:/Users/alex/.gemini/antigravity/scratch/retro-tts-app/app/src/main/cpp/dectalk_repo/include/c_us_cde.h:361:14: warning: initializing 'unsigned char *' with an expression of type 'char[2]' converts between pointers to integer types where one is of the unique plain 'char' type and the other is not [-Wpointer-sign]
C/C++:   361 |     {"dial", "a", 1, DCS_DIAL, cm_cmd_dial},
C/C++:       |              ^~~
C/C++: C:/Users/alex/.gemini/antigravity/scratch/retro-tts-app/app/src/main/cpp/dectalk_repo/include/c_us_cde.h:362:6: warning: initializing 'unsigned char *' with an expression of type 'char[5]' converts between pointers to integer types where one is of the unique plain 'char' type and the other is not [-Wpointer-sign]
C/C++:   362 |     {"tone", "dd", 1, DCS_TONE, cm_cmd_tone},
C/C++:       |      ^~~~~~
C/C++: C:/Users/alex/.gemini/antigravity/scratch/retro-tts-app/app/src/main/cpp/dectalk_repo/include/c_us_cde.h:362:14: warning: initializing 'unsigned char *' with an expression of type 'char[3]' converts between pointers to integer types where one is of the unique plain 'char' type and the other is not [-Wpointer-sign]
C/C++:   362 |     {"tone", "dd", 1, DCS_TONE, cm_cmd_tone},
C/C++:       |              ^~~~
C/C++: C:/Users/alex/.gemini/antigravity/scratch/retro-tts-app/app/src/main/cpp/dectalk_repo/include/c_us_cde.h:363:6: warning: initializing 'unsigned char *' with an expression of type 'char[10]' converts between pointers to integer types where one is of the unique plain 'char' type and the other is not [-Wpointer-sign]
C/C++:   363 |     {"pronounce", "aa", 2, DCS_PRONOUNCE, cm_cmd_pronounce},
C/C++:       |      ^~~~~~~~~~~
C/C++: C:/Users/alex/.gemini/antigravity/scratch/retro-tts-app/app/src/main/cpp/dectalk_repo/include/c_us_cde.h:363:19: warning: initializing 'unsigned char *' with an expression of type 'char[3]' converts between pointers to integer types where one is of the unique plain 'char' type and the other is not [-Wpointer-sign]
C/C++:   363 |     {"pronounce", "aa", 2, DCS_PRONOUNCE, cm_cmd_pronounce},
C/C++:       |                   ^~~~
C/C++: C:/Users/alex/.gemini/antigravity/scratch/retro-tts-app/app/src/main/cpp/dectalk_repo/include/c_us_cde.h:364:6: warning: initializing 'unsigned char *' with an expression of type 'char[6]' converts between pointers to integer types where one is of the unique plain 'char' type and the other is not [-Wpointer-sign]
C/C++:   364 |     {"pitch", "d", 1, DCS_STRESS, cm_cmd_stress},
C/C++:       |      ^~~~~~~
C/C++: C:/Users/alex/.gemini/antigravity/scratch/retro-tts-app/app/src/main/cpp/dectalk_repo/include/c_us_cde.h:364:15: warning: initializing 'unsigned char *' with an expression of type 'char[2]' converts between pointers to integer types where one is of the unique plain 'char' type and the other is not [-Wpointer-sign]
C/C++:   364 |     {"pitch", "d", 1, DCS_STRESS, cm_cmd_stress},
C/C++:       |               ^~~
C/C++: C:/Users/alex/.gemini/antigravity/scratch/retro-tts-app/app/src/main/cpp/dectalk_repo/include/c_us_cde.h:365:6: warning: initializing 'unsigned char *' with an expression of type 'char[13]' converts between pointers to integer types where one is of the unique plain 'char' type and the other is not [-Wpointer-sign]
C/C++:   365 |     {"define_voice", "ad*", 2, DCS_DEFINE, cm_cmd_define},
C/C++:       |      ^~~~~~~~~~~~~~
C/C++: C:/Users/alex/.gemini/antigravity/scratch/retro-tts-app/app/src/main/cpp/dectalk_repo/include/c_us_cde.h:365:22: warning: initializing 'unsigned char *' with an expression of type 'char[4]' converts between pointers to integer types where one is of the unique plain 'char' type and the other is not [-Wpointer-sign]
C/C++:   365 |     {"define_voice", "ad*", 2, DCS_DEFINE, cm_cmd_define},
C/C++:       |                      ^~~~~
C/C++: C:/Users/alex/.gemini/antigravity/scratch/retro-tts-app/app/src/main/cpp/dectalk_repo/include/c_us_cde.h:366:6: warning: initializing 'unsigned char *' with an expression of type 'char[3]' converts between pointers to integer types where one is of the unique plain 'char' type and the other is not [-Wpointer-sign]
C/C++:   366 |     {"dv", "ad*", 2, DCS_DEFINE, cm_cmd_define},
C/C++:       |      ^~~~
C/C++: C:/Users/alex/.gemini/antigravity/scratch/retro-tts-app/app/src/main/cpp/dectalk_repo/include/c_us_cde.h:366:12: warning: initializing 'unsigned char *' with an expression of type 'char[4]' converts between pointers to integer types where one is of the unique plain 'char' type and the other is not [-Wpointer-sign]
C/C++:   366 |     {"dv", "ad*", 2, DCS_DEFINE, cm_cmd_define},
C/C++:       |            ^~~~~
C/C++: C:/Users/alex/.gemini/antigravity/scratch/retro-tts-app/app/src/main/cpp/dectalk_repo/include/c_us_cde.h:367:6: warning: initializing 'unsigned char *' with an expression of type 'char[6]' converts between pointers to integer types where one is of the unique plain 'char' type and the other is not [-Wpointer-sign]
C/C++:   367 |     {"debug", "h", 1, DCS_DEBUG_OLD, cm_cmd_debug},
C/C++:       |      ^~~~~~~
C/C++: C:/Users/alex/.gemini/antigravity/scratch/retro-tts-app/app/src/main/cpp/dectalk_repo/include/c_us_cde.h:367:15: warning: initializing 'unsigned char *' with an expression of type 'char[2]' converts between pointers to integer types where one is of the unique plain 'char' type and the other is not [-Wpointer-sign]
C/C++:   367 |     {"debug", "h", 1, DCS_DEBUG_OLD, cm_cmd_debug},
C/C++:       |               ^~~
C/C++: C:/Users/alex/.gemini/antigravity/scratch/retro-tts-app/app/src/main/cpp/dectalk_repo/include/c_us_cde.h:375:6: warning: initializing 'unsigned char *' with an expression of type 'char[7]' converts between pointers to integer types where one is of the unique plain 'char' type and the other is not [-Wpointer-sign]
C/C++:   375 |     {"gender", "a", 1, DCS_GENDER, cm_cmd_gender},
C/C++:       |      ^~~~~~~~
C/C++: C:/Users/alex/.gemini/antigravity/scratch/retro-tts-app/app/src/main/cpp/dectalk_repo/include/c_us_cde.h:375:16: warning: initializing 'unsigned char *' with an expression of type 'char[2]' converts between pointers to integer types where one is of the unique plain 'char' type and the other is not [-Wpointer-sign]
C/C++:   375 |     {"gender", "a", 1, DCS_GENDER, cm_cmd_gender},
C/C++:       |                ^~~
C/C++: C:/Users/alex/.gemini/antigravity/scratch/retro-tts-app/app/src/main/cpp/dectalk_repo/include/c_us_cde.h:377:6: warning: initializing 'unsigned char *' with an expression of type 'char[9]' converts between pointers to integer types where one is of the unique plain 'char' type and the other is not [-Wpointer-sign]
C/C++:   377 |     {"preamble", "d", 1, 0, cm_cmd_preamble},
C/C++:       |      ^~~~~~~~~~
C/C++: C:/Users/alex/.gemini/antigravity/scratch/retro-tts-app/app/src/main/cpp/dectalk_repo/include/c_us_cde.h:377:18: warning: initializing 'unsigned char *' with an expression of type 'char[2]' converts between pointers to integer types where one is of the unique plain 'char' type and the other is not [-Wpointer-sign]
C/C++:   377 |     {"preamble", "d", 1, 0, cm_cmd_preamble},
C/C++:       |                  ^~~
C/C++: C:/Users/alex/.gemini/antigravity/scratch/retro-tts-app/app/src/main/cpp/dectalk_repo/include/c_us_cde.h:378:6: warning: initializing 'unsigned char *' with an expression of type 'char[8]' converts between pointers to integer types where one is of the unique plain 'char' type and the other is not [-Wpointer-sign]
C/C++:   378 |     {"version", "a", 1, 0, cm_cmd_version},
C/C++:       |      ^~~~~~~~~
C/C++: C:/Users/alex/.gemini/antigravity/scratch/retro-tts-app/app/src/main/cpp/dectalk_repo/include/c_us_cde.h:378:17: warning: initializing 'unsigned char *' with an expression of type 'char[2]' converts between pointers to integer types where one is of the unique plain 'char' type and the other is not [-Wpointer-sign]
C/C++:   378 |     {"version", "a", 1, 0, cm_cmd_version},
C/C++:       |                 ^~~
C/C++: C:/Users/alex/.gemini/antigravity/scratch/retro-tts-app/app/src/main/cpp/dectalk_repo/include/c_us_cde.h:379:6: warning: initializing 'unsigned char *' with an expression of type 'char[4]' converts between pointers to integer types where one is of the unique plain 'char' type and the other is not [-Wpointer-sign]
C/C++:   379 |     {"spf", "d", 1, 0, cm_cmd_samples_per_frame},
C/C++:       |      ^~~~~
C/C++: C:/Users/alex/.gemini/antigravity/scratch/retro-tts-app/app/src/main/cpp/dectalk_repo/include/c_us_cde.h:379:13: warning: initializing 'unsigned char *' with an expression of type 'char[2]' converts between pointers to integer types where one is of the unique plain 'char' type and the other is not [-Wpointer-sign]
C/C++:   379 |     {"spf", "d", 1, 0, cm_cmd_samples_per_frame},
C/C++:       |             ^~~
C/C++: C:/Users/alex/.gemini/antigravity/scratch/retro-tts-app/app/src/main/cpp/dectalk_repo/src/cm_copt.c:1051:47: warning: passing 'unsigned char[60]' to parameter of type 'const char * _Nonnull' converts between pointers to integer types where one is of the unique plain 'char' type and the other is not [-Wpointer-sign]
C/C++:  1051 |         strcpy(pCmd_t->setv[pCmd_t->cmd_number].cmd, temp);
C/C++:       |                                                      ^~~~
C/C++: C:/Users/alex/AppData/Local/Android/Sdk/ndk/28.2.13676358/toolchains/llvm/prebuilt/windows-x86_64/sysroot/usr/include/bits/fortify/string.h:97:89: note: passing argument to parameter 'src' here
C/C++:    97 | char* _Nonnull strcpy(char* _Nonnull const dst __pass_object_size, const char* _Nonnull src)
C/C++:       |                                                                                         ^
C/C++: C:/Users/alex/.gemini/antigravity/scratch/retro-tts-app/app/src/main/cpp/dectalk_repo/src/cm_copt.c:1373:11: warning: passing 'unsigned char[512]' to parameter of type 'char *' converts between pointers to integer types where one is of the unique plain 'char' type and the other is not [-Wpointer-sign]
C/C++:  1373 |                 sprintf(versionstr, "\rHello. This is DECtalk. The software version is %d point %d %s. The code memories were generated on %s-%s-%s. The dictionary memories were generated on %s-%s-%s. There are many bytes free. If you can here this, there is a good chance that your DECtalk is working.\r",
C/C++:       |                         ^~~~~~~~~~
C/C++: C:/Users/alex/AppData/Local/Android/Sdk/ndk/28.2.13676358/toolchains/llvm/prebuilt/windows-x86_64/sysroot/usr/include/bits/fortify/stdio.h:67:74: note: passing argument to parameter 'dest' here
C/C++:    67 | int sprintf(char* const __BIONIC_COMPLICATED_NULLNESS __pass_object_size dest, const char* _Nonnull format, ...) __overloadable {
C/C++:       |                                                                          ^
C/C++: C:/Users/alex/.gemini/antigravity/scratch/retro-tts-app/app/src/main/cpp/dectalk_repo/src/cm_copt.c:1383:11: warning: passing 'unsigned char[512]' to parameter of type 'char *' converts between pointers to integer types where one is of the unique plain 'char' type and the other is not [-Wpointer-sign]
C/C++:  1383 |                 sprintf(versionstr, "Version %s %s", VERSION, RELEASE);
C/C++:       |                         ^~~~~~~~~~
C/C++: C:/Users/alex/AppData/Local/Android/Sdk/ndk/28.2.13676358/toolchains/llvm/prebuilt/windows-x86_64/sysroot/usr/include/bits/fortify/stdio.h:67:74: note: passing argument to parameter 'dest' here
C/C++:    67 | int sprintf(char* const __BIONIC_COMPLICATED_NULLNESS __pass_object_size dest, const char* _Nonnull format, ...) __overloadable {
C/C++:       |                                                                          ^
C/C++: C:/Users/alex/.gemini/antigravity/scratch/retro-tts-app/app/src/main/cpp/dectalk_repo/src/cm_copt.c:1707:14: warning: result of comparison of constant 65535 with expression of type 'short' is always false [-Wtautological-constant-out-of-range-compare]
C/C++:  1707 |         if(cmd_type == NO_STRING_MATCH) {
C/C++:       |            ~~~~~~~~ ^  ~~~~~~~~~~~~~~~
C/C++: 227 warnings generated.
C/C++: Received process result: 1

> Task :app:compileDebugKotlin
e: file:///C:/Users/alex/.gemini/antigravity/scratch/retro-tts-app/app/src/main/java/com/example/retrottsapp/Navigation.kt:8:17 Unresolved reference 'navigation3'.
e: file:///C:/Users/alex/.gemini/antigravity/scratch/retro-tts-app/app/src/main/java/com/example/retrottsapp/Navigation.kt:9:17 Unresolved reference 'navigation3'.
e: file:///C:/Users/alex/.gemini/antigravity/scratch/retro-tts-app/app/src/main/java/com/example/retrottsapp/Navigation.kt:10:17 Unresolved reference 'navigation3'.
e: file:///C:/Users/alex/.gemini/antigravity/scratch/retro-tts-app/app/src/main/java/com/example/retrottsapp/Navigation.kt:15:19 Unresolved reference 'rememberNavBackStack'.
e: file:///C:/Users/alex/.gemini/antigravity/scratch/retro-tts-app/app/src/main/java/com/example/retrottsapp/Navigation.kt:17:3 Unresolved reference 'NavDisplay'.
e: file:///C:/Users/alex/.gemini/antigravity/scratch/retro-tts-app/app/src/main/java/com/example/retrottsapp/Navigation.kt:19:26 Cannot infer type for type parameter 'T'. Specify it explicitly.
e: file:///C:/Users/alex/.gemini/antigravity/scratch/retro-tts-app/app/src/main/java/com/example/retrottsapp/Navigation.kt:21:7 Unresolved reference 'entryProvider'.
e: file:///C:/Users/alex/.gemini/antigravity/scratch/retro-tts-app/app/src/main/java/com/example/retrottsapp/Navigation.kt:22:9 Unresolved reference 'entry'.
e: file:///C:/Users/alex/.gemini/antigravity/scratch/retro-tts-app/app/src/main/java/com/example/retrottsapp/Navigation.kt:23:11 @Composable invocations can only happen from the context of a @Composable function
e: file:///C:/Users/alex/.gemini/antigravity/scratch/retro-tts-app/app/src/main/java/com/example/retrottsapp/Navigation.kt:23:38 Unresolved reference 'NavKey'.
e: file:///C:/Users/alex/.gemini/antigravity/scratch/retro-tts-app/app/src/main/java/com/example/retrottsapp/NavigationKeys.kt:3:17 Unresolved reference 'navigation3'.
e: file:///C:/Users/alex/.gemini/antigravity/scratch/retro-tts-app/app/src/main/java/com/example/retrottsapp/NavigationKeys.kt:6:34 Unresolved reference 'NavKey'.
e: file:///C:/Users/alex/.gemini/antigravity/scratch/retro-tts-app/app/src/main/java/com/example/retrottsapp/ui/main/MainScreen.kt:11:17 Unresolved reference 'navigation3'.
e: file:///C:/Users/alex/.gemini/antigravity/scratch/retro-tts-app/app/src/main/java/com/example/retrottsapp/ui/main/MainScreen.kt:17:17 Unresolved reference 'NavKey'.
i: Finished executing kotlin compiler using DAEMON strategy

> Task :app:compileDebugKotlin FAILED
Build 1e5d1241-a0ab-4dab-ac06-db475b80ead3 is closed

FAILURE: Build completed with 2 failures.

1: Task failed with an exception.
-----------
* What went wrong:
Execution failed for task ':app:buildCMakeDebug[arm64-v8a]'.
> com.android.ide.common.process.ProcessException: ninja: Entering directory `C:\Users\alex\.gemini\antigravity\scratch\retro-tts-app\app\.cxx\Debug\o122959i\arm64-v8a'
  [1/96] Building C object CMakeFiles/retro-tts.dir/sam_repo/src/debug.c.o
  [2/96] Building C object CMakeFiles/retro-tts.dir/sam_repo/src/reciter.c.o
  [3/96] Building C object dectalk_repo/CMakeFiles/dtc.dir/src/brent.c.o
  [4/96] Building C object dectalk_repo/CMakeFiles/dtc.dir/src/acxf1c.c.o
  [5/96] Building C object dectalk_repo/CMakeFiles/dtc.dir/src/circuit.c.o
  [6/96] Building C object CMakeFiles/retro-tts.dir/sam_repo/src/sam.c.o
  [7/96] Building C object CMakeFiles/retro-tts.dir/sam_repo/src/render.c.o
  [8/96] Building C object dectalk_repo/CMakeFiles/dtc.dir/src/crypt2.c.o
  [9/96] Building C object dectalk_repo/CMakeFiles/dtc.dir/src/cm_char.c.o
  [10/96] Building C object dectalk_repo/CMakeFiles/dtc.dir/src/charset.c.o
  FAILED: dectalk_repo/CMakeFiles/dtc.dir/src/charset.c.o 
  C:\Users\alex\AppData\Local\Android\Sdk\ndk\28.2.13676358\toolchains\llvm\prebuilt\windows-x86_64\bin\clang.exe --target=aarch64-none-linux-android24 --sysroot=C:/Users/alex/AppData/Local/Android/Sdk/ndk/28.2.13676358/toolchains/llvm/prebuilt/windows-x86_64/sysroot -DACCESS32 -DACNA -DANSI -DBLD_DECTALK_DLL -DDISABLE_AUDIO -DDT_EXTERN="" -DENGLISH -DENGLISH_US -DLIKE_43_OR_44 -DLTSSIM -DNOMME -DSINGLE_THREADED -DTTSSIM -DTYPING_MODE -D_REENTRANT -IC:/Users/alex/.gemini/antigravity/scratch/retro-tts-app/app/src/main/cpp/dectalk_repo/include -g -DANDROID -fdata-sections -ffunction-sections -funwind-tables -fstack-protector-strong -no-canonical-prefixes -D_FORTIFY_SOURCE=2 -Wformat -Werror=format-security  -fno-limit-debug-info  -fPIC -MD -MT dectalk_repo/CMakeFiles/dtc.dir/src/charset.c.o -MF dectalk_repo\CMakeFiles\dtc.dir\src\charset.c.o.d -o dectalk_repo/CMakeFiles/dtc.dir/src/charset.c.o -c C:/Users/alex/.gemini/antigravity/scratch/retro-tts-app/app/src/main/cpp/dectalk_repo/src/charset.c
  C:/Users/alex/.gemini/antigravity/scratch/retro-tts-app/app/src/main/cpp/dectalk_repo/src/charset.c:22:7: error: call to undeclared function 'iconv_open'; ISO C99 and later do not support implicit function declarations [-Wimplicit-function-declaration]
     22 |         cd = iconv_open("Windows-1252//TRANSLIT//IGNORE", nl_langinfo(CODESET));
        |              ^
  C:/Users/alex/.gemini/antigravity/scratch/retro-tts-app/app/src/main/cpp/dectalk_repo/src/charset.c:22:52: error: call to undeclared function 'nl_langinfo'; ISO C99 and later do not support implicit function declarations [-Wimplicit-function-declaration]
     22 |         cd = iconv_open("Windows-1252//TRANSLIT//IGNORE", nl_langinfo(CODESET));
        |                                                           ^
  C:/Users/alex/.gemini/antigravity/scratch/retro-tts-app/app/src/main/cpp/dectalk_repo/src/charset.c:22:5: error: incompatible integer to pointer conversion assigning to 'iconv_t' (aka 'struct __iconv_t *') from 'int' [-Wint-conversion]
     22 |         cd = iconv_open("Windows-1252//TRANSLIT//IGNORE", nl_langinfo(CODESET));
        |            ^ ~~~~~~~~~~~~~~~~~~~~~~~~~~~~~~~~~~~~~~~~~~~~~~~~~~~~~~~~~~~~~~~~~~
  C:/Users/alex/.gemini/antigravity/scratch/retro-tts-app/app/src/main/cpp/dectalk_repo/src/charset.c:23:24: error: incompatible integer to pointer conversion assigning to 'iconv_t' (aka 'struct __iconv_t *') from 'int' [-Wint-conversion]
     23 |         if((long)cd == -1) cd = iconv_open("ISO-8859-15//TRANSLIT//IGNORE", nl_langinfo(CODESET));
        |                               ^ ~~~~~~~~~~~~~~~~~~~~~~~~~~~~~~~~~~~~~~~~~~~~~~~~~~~~~~~~~~~~~~~~~
  C:/Users/alex/.gemini/antigravity/scratch/retro-tts-app/app/src/main/cpp/dectalk_repo/src/charset.c:24:24: error: incompatible integer to pointer conversion assigning to 'iconv_t' (aka 'struct __iconv_t *') from 'int' [-Wint-conversion]
     24 |         if((long)cd == -1) cd = iconv_open("ISO-8859-1//TRANSLIT//IGNORE", nl_langinfo(CODESET));
        |                               ^ ~~~~~~~~~~~~~~~~~~~~~~~~~~~~~~~~~~~~~~~~~~~~~~~~~~~~~~~~~~~~~~~~
  C:/Users/alex/.gemini/antigravity/scratch/retro-tts-app/app/src/main/cpp/dectalk_repo/src/charset.c:25:24: error: incompatible integer to pointer conversion assigning to 'iconv_t' (aka 'struct __iconv_t *') from 'int' [-Wint-conversion]
     25 |         if((long)cd == -1) cd = iconv_open("Windows-1252", nl_langinfo(CODESET));
        |                               ^ ~~~~~~~~~~~~~~~~~~~~~~~~~~~~~~~~~~~~~~~~~~~~~~~~
  C:/Users/alex/.gemini/antigravity/scratch/retro-tts-app/app/src/main/cpp/dectalk_repo/src/charset.c:26:24: error: incompatible integer to pointer conversion assigning to 'iconv_t' (aka 'struct __iconv_t *') from 'int' [-Wint-conversion]
     26 |         if((long)cd == -1) cd = iconv_open("ISO-8859-15", nl_langinfo(CODESET));
        |                               ^ ~~~~~~~~~~~~~~~~~~~~~~~~~~~~~~~~~~~~~~~~~~~~~~~
  C:/Users/alex/.gemini/antigravity/scratch/retro-tts-app/app/src/main/cpp/dectalk_repo/src/charset.c:27:24: error: incompatible integer to pointer conversion assigning to 'iconv_t' (aka 'struct __iconv_t *') from 'int' [-Wint-conversion]
     27 |         if((long)cd == -1) cd = iconv_open("ISO-8859-1", nl_langinfo(CODESET));
        |                               ^ ~~~~~~~~~~~~~~~~~~~~~~~~~~~~~~~~~~~~~~~~~~~~~~
  C:/Users/alex/.gemini/antigravity/scratch/retro-tts-app/app/src/main/cpp/dectalk_repo/src/charset.c:53:11: error: call to undeclared function 'iconv'; ISO C99 and later do not support implicit function declarations [-Wimplicit-function-declaration]
     53 |                 r     = iconv(cd, &in, &inleft, &outp, &outleft);
        |                         ^
  C:/Users/alex/.gemini/antigravity/scratch/retro-tts-app/app/src/main/cpp/dectalk_repo/src/charset.c:76:2: error: call to undeclared function 'iconv'; ISO C99 and later do not support implicit function declarations [-Wimplicit-function-declaration]
     76 |         iconv(cd, NULL, NULL, NULL, NULL);
        |         ^
  10 errors generated.
  [11/96] Building C object dectalk_repo/CMakeFiles/dtc.dir/src/cm_pars.c.o
  [12/96] Building C object dectalk_repo/CMakeFiles/dtc.dir/src/cm_cmd.c.o
  [13/96] Building C object dectalk_repo/CMakeFiles/dtc.dir/src/cm_main.c.o
  [14/96] Building C object dectalk_repo/CMakeFiles/dtc.dir/src/dbgwins.c.o
  [15/96] Building C object dectalk_repo/CMakeFiles/dtc.dir/src/cm_phon.c.o
  [16/96] Building C object dectalk_repo/CMakeFiles/dtc.dir/src/cm_util.c.o
  [17/96] Building C object dectalk_repo/CMakeFiles/dtc.dir/src/cm_text.c.o
  C:/Users/alex/.gemini/antigravity/scratch/retro-tts-app/app/src/main/cpp/dectalk_repo/src/cm_text.c:438:11: warning: initializing 'char *' with an expression of type 'unsigned char *' converts between pointers to integer types where one is of the unique plain 'char' type and the other is not [-Wpointer-sign]
    438 |                                 char* word = cm_text_get_word(pCmd_t->prevword, pCmd_t->wordbuf, 1);
        |                                       ^      ~~~~~~~~~~~~~~~~~~~~~~~~~~~~~~~~~~~~~~~~~~~~~~~~~~~~~~
  C:/Users/alex/.gemini/antigravity/scratch/retro-tts-app/app/src/main/cpp/dectalk_repo/src/cm_text.c:483:16: warning: passing 'unsigned char[36]' to parameter of type 'const char *' converts between pointers to integer types where one is of the unique plain 'char' type and the other is not [-Wpointer-sign]
    483 |                    (!strncmp(header_buff, header1, 4) ||
        |                              ^~~~~~~~~~~
  C:/Users/alex/AppData/Local/Android/Sdk/ndk/28.2.13676358/toolchains/llvm/prebuilt/windows-x86_64/sysroot/usr/include/string.h:196:34: note: passing argument to parameter '__lhs' here
    196 | int strncmp(const char* _Nonnull __lhs, const char* _Nonnull __rhs, size_t __n) __attribute_pure__;
        |                                  ^
  C:/Users/alex/.gemini/antigravity/scratch/retro-tts-app/app/src/main/cpp/dectalk_repo/src/cm_text.c:483:29: warning: passing 'unsigned char[5]' to parameter of type 'const char *' converts between pointers to integer types where one is of the unique plain 'char' type and the other is not [-Wpointer-sign]
    483 |                    (!strncmp(header_buff, header1, 4) ||
        |                                           ^~~~~~~
  C:/Users/alex/AppData/Local/Android/Sdk/ndk/28.2.13676358/toolchains/llvm/prebuilt/windows-x86_64/sysroot/usr/include/string.h:196:62: note: passing argument to parameter '__rhs' here
    196 | int strncmp(const char* _Nonnull __lhs, const char* _Nonnull __rhs, size_t __n) __attribute_pure__;
        |                                                              ^
  C:/Users/alex/.gemini/antigravity/scratch/retro-tts-app/app/src/main/cpp/dectalk_repo/src/cm_text.c:484:16: warning: passing 'unsigned char[36]' to parameter of type 'const char *' converts between pointers to integer types where one is of the unique plain 'char' type and the other is not [-Wpointer-sign]
    484 |                     !strncmp(header_buff, header2, 12) ||
        |                              ^~~~~~~~~~~
  C:/Users/alex/AppData/Local/Android/Sdk/ndk/28.2.13676358/toolchains/llvm/prebuilt/windows-x86_64/sysroot/usr/include/string.h:196:34: note: passing argument to parameter '__lhs' here
    196 | int strncmp(const char* _Nonnull __lhs, const char* _Nonnull __rhs, size_t __n) __attribute_pure__;
        |                                  ^
  C:/Users/alex/.gemini/antigravity/scratch/retro-tts-app/app/src/main/cpp/dectalk_repo/src/cm_text.c:484:29: warning: passing 'unsigned char[13]' to parameter of type 'const char *' converts between pointers to integer types where one is of the unique plain 'char' type and the other is not [-Wpointer-sign]
    484 |                     !strncmp(header_buff, header2, 12) ||
        |                                           ^~~~~~~
  C:/Users/alex/AppData/Local/Android/Sdk/ndk/28.2.13676358/toolchains/llvm/prebuilt/windows-x86_64/sysroot/usr/include/string.h:196:62: note: passing argument to parameter '__rhs' here
    196 | int strncmp(const char* _Nonnull __lhs, const char* _Nonnull __rhs, size_t __n) __attribute_pure__;
        |                                                              ^
  C:/Users/alex/.gemini/antigravity/scratch/retro-tts-app/app/src/main/cpp/dectalk_repo/src/cm_text.c:485:16: warning: passing 'unsigned char[36]' to parameter of type 'const char *' converts between pointers to integer types where one is of the unique plain 'char' type and the other is not [-Wpointer-sign]
    485 |                     !strncmp(header_buff, header3, 15) ||
        |                              ^~~~~~~~~~~
  C:/Users/alex/AppData/Local/Android/Sdk/ndk/28.2.13676358/toolchains/llvm/prebuilt/windows-x86_64/sysroot/usr/include/string.h:196:34: note: passing argument to parameter '__lhs' here
    196 | int strncmp(const char* _Nonnull __lhs, const char* _Nonnull __rhs, size_t __n) __attribute_pure__;
        |                                  ^
  C:/Users/alex/.gemini/antigravity/scratch/retro-tts-app/app/src/main/cpp/dectalk_repo/src/cm_text.c:485:29: warning: passing 'unsigned char[16]' to parameter of type 'const char *' converts between pointers to integer types where one is of the unique plain 'char' type and the other is not [-Wpointer-sign]
    485 |                     !strncmp(header_buff, header3, 15) ||
        |                                           ^~~~~~~
  C:/Users/alex/AppData/Local/Android/Sdk/ndk/28.2.13676358/toolchains/llvm/prebuilt/windows-x86_64/sysroot/usr/include/string.h:196:62: note: passing argument to parameter '__rhs' here
    196 | int strncmp(const char* _Nonnull __lhs, const char* _Nonnull __rhs, size_t __n) __attribute_pure__;
        |                                                              ^
  C:/Users/alex/.gemini/antigravity/scratch/retro-tts-app/app/src/main/cpp/dectalk_repo/src/cm_text.c:486:16: warning: passing 'unsigned char[36]' to parameter of type 'const char *' converts between pointers to integer types where one is of the unique plain 'char' type and the other is not [-Wpointer-sign]
    486 |                     !strncmp(header_buff, header4, 11))) {
        |                              ^~~~~~~~~~~
  C:/Users/alex/AppData/Local/Android/Sdk/ndk/28.2.13676358/toolchains/llvm/prebuilt/windows-x86_64/sysroot/usr/include/string.h:196:34: note: passing argument to parameter '__lhs' here
    196 | int strncmp(const char* _Nonnull __lhs, const char* _Nonnull __rhs, size_t __n) __attribute_pure__;
        |                                  ^
  C:/Users/alex/.gemini/antigravity/scratch/retro-tts-app/app/src/main/cpp/dectalk_repo/src/cm_text.c:486:29: warning: passing 'unsigned char[12]' to parameter of type 'const char *' converts between pointers to integer types where one is of the unique plain 'char' type and the other is not [-Wpointer-sign]
    486 |                     !strncmp(header_buff, header4, 11))) {
        |                                           ^~~~~~~
  C:/Users/alex/AppData/Local/Android/Sdk/ndk/28.2.13676358/toolchains/llvm/prebuilt/windows-x86_64/sysroot/usr/include/string.h:196:62: note: passing argument to parameter '__rhs' here
    196 | int strncmp(const char* _Nonnull __lhs, const char* _Nonnull __rhs, size_t __n) __attribute_pure__;
        |                                                              ^
  C:/Users/alex/.gemini/antigravity/scratch/retro-tts-app/app/src/main/cpp/dectalk_repo/src/cm_text.c:539:11: warning: passing 'unsigned char[600]' to parameter of type 'char *' converts between pointers to integer types where one is of the unique plain 'char' type and the other is not [-Wpointer-sign]
    539 |                         strcpy(pCmd_t->output_buf, pCmd_t->clausebuf);
        |                                ^~~~~~~~~~~~~~~~~~
  C:/Users/alex/AppData/Local/Android/Sdk/ndk/28.2.13676358/toolchains/llvm/prebuilt/windows-x86_64/sysroot/usr/include/bits/fortify/string.h:97:44: note: passing argument to parameter 'dst' here
     97 | char* _Nonnull strcpy(char* _Nonnull const dst __pass_object_size, const char* _Nonnull src)
        |                                            ^
  C:/Users/alex/.gemini/antigravity/scratch/retro-tts-app/app/src/main/cpp/dectalk_repo/src/cm_text.c:539:31: warning: passing 'unsigned char[600]' to parameter of type 'const char * _Nonnull' converts between pointers to integer types where one is of the unique plain 'char' type and the other is not [-Wpointer-sign]
    539 |                         strcpy(pCmd_t->output_buf, pCmd_t->clausebuf);
        |                                                    ^~~~~~~~~~~~~~~~~
  C:/Users/alex/AppData/Local/Android/Sdk/ndk/28.2.13676358/toolchains/llvm/prebuilt/windows-x86_64/sysroot/usr/include/bits/fortify/string.h:97:89: note: passing argument to parameter 'src' here
     97 | char* _Nonnull strcpy(char* _Nonnull const dst __pass_object_size, const char* _Nonnull src)
        |                                                                                         ^
  C:/Users/alex/.gemini/antigravity/scratch/retro-tts-app/app/src/main/cpp/dectalk_repo/src/cm_text.c:560:28: warning: passing 'unsigned char[600]' to parameter of type 'const char *' converts between pointers to integer types where one is of the unique plain 'char' type and the other is not [-Wpointer-sign]
    560 |                                         for(k = 0; k < strlen(pCmd_t->clausebuf); k++) {
        |                                                               ^~~~~~~~~~~~~~~~~
  C:/Users/alex/AppData/Local/Android/Sdk/ndk/28.2.13676358/toolchains/llvm/prebuilt/windows-x86_64/sysroot/usr/include/bits/fortify/string.h:233:98: note: passing argument to parameter 's' here
    233 | extern __always_inline __inline__ __attribute__((gnu_inline)) size_t strlen(const char* _Nonnull s) {
        |                                                                                                  ^
  C:/Users/alex/.gemini/antigravity/scratch/retro-tts-app/app/src/main/cpp/dectalk_repo/src/cm_text.c:593:28: warning: passing 'unsigned char[600]' to parameter of type 'const char *' converts between pointers to integer types where one is of the unique plain 'char' type and the other is not [-Wpointer-sign]
    593 |                                         for(k = 0; k < strlen(pCmd_t->output_buf); k++) {
        |                                                               ^~~~~~~~~~~~~~~~~~
  C:/Users/alex/AppData/Local/Android/Sdk/ndk/28.2.13676358/toolchains/llvm/prebuilt/windows-x86_64/sysroot/usr/include/bits/fortify/string.h:233:98: note: passing argument to parameter 's' here
    233 | extern __always_inline __inline__ __attribute__((gnu_inline)) size_t strlen(const char* _Nonnull s) {
        |                                                                                                  ^
  C:/Users/alex/.gemini/antigravity/scratch/retro-tts-app/app/src/main/cpp/dectalk_repo/src/cm_text.c:601:12: warning: passing 'unsigned char[600]' to parameter of type 'char *' converts between pointers to integer types where one is of the unique plain 'char' type and the other is not [-Wpointer-sign]
    601 |                                 strcpy(pCmd_t->clausebuf, pCmd_t->output_buf);
        |                                        ^~~~~~~~~~~~~~~~~
  C:/Users/alex/AppData/Local/Android/Sdk/ndk/28.2.13676358/toolchains/llvm/prebuilt/windows-x86_64/sysroot/usr/include/bits/fortify/string.h:97:44: note: passing argument to parameter 'dst' here
     97 | char* _Nonnull strcpy(char* _Nonnull const dst __pass_object_size, const char* _Nonnull src)
        |                                            ^
  C:/Users/alex/.gemini/antigravity/scratch/retro-tts-app/app/src/main/cpp/dectalk_repo/src/cm_text.c:601:31: warning: passing 'unsigned char[600]' to parameter of type 'const char * _Nonnull' converts between pointers to integer types where one is of the unique plain 'char' type and the other is not [-Wpointer-sign]
    601 |                                 strcpy(pCmd_t->clausebuf, pCmd_t->output_buf);
        |                                                           ^~~~~~~~~~~~~~~~~~
  C:/Users/alex/AppData/Local/Android/Sdk/ndk/28.2.13676358/toolchains/llvm/prebuilt/windows-x86_64/sysroot/usr/include/bits/fortify/string.h:97:89: note: passing argument to parameter 'src' here
     97 | char* _Nonnull strcpy(char* _Nonnull const dst __pass_object_size, const char* _Nonnull src)
        |                                                                                         ^
  C:/Users/alex/.gemini/antigravity/scratch/retro-tts-app/app/src/main/cpp/dectalk_repo/src/cm_text.c:628:36: warning: passing 'unsigned char[600]' to parameter of type 'const char *' converts between pointers to integer types where one is of the unique plain 'char' type and the other is not [-Wpointer-sign]
    628 |                                 pCmd_t->input_counter = strlen(pCmd_t->clausebuf);
        |                                                                ^~~~~~~~~~~~~~~~~
  C:/Users/alex/AppData/Local/Android/Sdk/ndk/28.2.13676358/toolchains/llvm/prebuilt/windows-x86_64/sysroot/usr/include/bits/fortify/string.h:233:98: note: passing argument to parameter 's' here
    233 | extern __always_inline __inline__ __attribute__((gnu_inline)) size_t strlen(const char* _Nonnull s) {
        |                                                                                                  ^
  C:/Users/alex/.gemini/antigravity/scratch/retro-tts-app/app/src/main/cpp/dectalk_repo/src/cm_text.c:698:18: warning: passing 'unsigned char[600]' to parameter of type 'const char *' converts between pointers to integer types where one is of the unique plain 'char' type and the other is not [-Wpointer-sign]
    698 |                                         i += strlen(pCmd_t->wordbuf);
        |                                                     ^~~~~~~~~~~~~~~
  C:/Users/alex/AppData/Local/Android/Sdk/ndk/28.2.13676358/toolchains/llvm/prebuilt/windows-x86_64/sysroot/usr/include/bits/fortify/string.h:233:98: note: passing argument to parameter 's' here
    233 | extern __always_inline __inline__ __attribute__((gnu_inline)) size_t strlen(const char* _Nonnull s) {
        |                                                                                                  ^
  C:/Users/alex/.gemini/antigravity/scratch/retro-tts-app/app/src/main/cpp/dectalk_repo/src/cm_text.c:713:27: warning: passing 'unsigned char[600]' to parameter of type 'const char *' converts between pointers to integer types where one is of the unique plain 'char' type and the other is not [-Wpointer-sign]
    713 |                                 for(k = 0; k < strlen(pCmd_t->clausebuf); k++)
        |                                                       ^~~~~~~~~~~~~~~~~
  C:/Users/alex/AppData/Local/Android/Sdk/ndk/28.2.13676358/toolchains/llvm/prebuilt/windows-x86_64/sysroot/usr/include/bits/fortify/string.h:233:98: note: passing argument to parameter 's' here
    233 | extern __always_inline __inline__ __attribute__((gnu_inline)) size_t strlen(const char* _Nonnull s) {
        |                                                                                                  ^
  C:/Users/alex/.gemini/antigravity/scratch/retro-tts-app/app/src/main/cpp/dectalk_repo/src/cm_text.c:746:27: warning: passing 'unsigned char[600]' to parameter of type 'const char *' converts between pointers to integer types where one is of the unique plain 'char' type and the other is not [-Wpointer-sign]
    746 |                                 for(k = 0; k < strlen(pCmd_t->output_buf); k++) {
        |                                                       ^~~~~~~~~~~~~~~~~~
  C:/Users/alex/AppData/Local/Android/Sdk/ndk/28.2.13676358/toolchains/llvm/prebuilt/windows-x86_64/sysroot/usr/include/bits/fortify/string.h:233:98: note: passing argument to parameter 's' here
    233 | extern __always_inline __inline__ __attribute__((gnu_inline)) size_t strlen(const char* _Nonnull s) {
        |                                                                                                  ^
  C:/Users/alex/.gemini/antigravity/scratch/retro-tts-app/app/src/main/cpp/dectalk_repo/src/cm_text.c:754:11: warning: passing 'unsigned char[600]' to parameter of type 'char *' converts between pointers to integer types where one is of the unique plain 'char' type and the other is not [-Wpointer-sign]
    754 |                         strcpy(pCmd_t->clausebuf, pCmd_t->output_buf);
        |                                ^~~~~~~~~~~~~~~~~
  C:/Users/alex/AppData/Local/Android/Sdk/ndk/28.2.13676358/toolchains/llvm/prebuilt/windows-x86_64/sysroot/usr/include/bits/fortify/string.h:97:44: note: passing argument to parameter 'dst' here
     97 | char* _Nonnull strcpy(char* _Nonnull const dst __pass_object_size, const char* _Nonnull src)
        |                                            ^
  C:/Users/alex/.gemini/antigravity/scratch/retro-tts-app/app/src/main/cpp/dectalk_repo/src/cm_text.c:754:30: warning: passing 'unsigned char[600]' to parameter of type 'const char * _Nonnull' converts between pointers to integer types where one is of the unique plain 'char' type and the other is not [-Wpointer-sign]
    754 |                         strcpy(pCmd_t->clausebuf, pCmd_t->output_buf);
        |                                                   ^~~~~~~~~~~~~~~~~~
  C:/Users/alex/AppData/Local/Android/Sdk/ndk/28.2.13676358/toolchains/llvm/prebuilt/windows-x86_64/sysroot/usr/include/bits/fortify/string.h:97:89: note: passing argument to parameter 'src' here
     97 | char* _Nonnull strcpy(char* _Nonnull const dst __pass_object_size, const char* _Nonnull src)
        |                                                                                         ^
  C:/Users/alex/.gemini/antigravity/scratch/retro-tts-app/app/src/main/cpp/dectalk_repo/src/cm_text.c:783:35: warning: passing 'unsigned char[600]' to parameter of type 'const char *' converts between pointers to integer types where one is of the unique plain 'char' type and the other is not [-Wpointer-sign]
    783 |                         pCmd_t->input_counter = strlen(pCmd_t->clausebuf);
        |                                                        ^~~~~~~~~~~~~~~~~
  C:/Users/alex/AppData/Local/Android/Sdk/ndk/28.2.13676358/toolchains/llvm/prebuilt/windows-x86_64/sysroot/usr/include/bits/fortify/string.h:233:98: note: passing argument to parameter 's' here
    233 | extern __always_inline __inline__ __attribute__((gnu_inline)) size_t strlen(const char* _Nonnull s) {
        |                                                                                                  ^
  C:/Users/alex/.gemini/antigravity/scratch/retro-tts-app/app/src/main/cpp/dectalk_repo/src/cm_text.c:790:18: warning: passing 'unsigned char[600]' to parameter of type 'const char *' converts between pointers to integer types where one is of the unique plain 'char' type and the other is not [-Wpointer-sign]
    790 |                                         i += strlen(pCmd_t->wordbuf);
        |                                                     ^~~~~~~~~~~~~~~
  C:/Users/alex/AppData/Local/Android/Sdk/ndk/28.2.13676358/toolchains/llvm/prebuilt/windows-x86_64/sysroot/usr/include/bits/fortify/string.h:233:98: note: passing argument to parameter 's' here
    233 | extern __always_inline __inline__ __attribute__((gnu_inline)) size_t strlen(const char* _Nonnull s) {
        |                                                                                                  ^
  23 warnings generated.
  [18/96] Building C object dectalk_repo/CMakeFiles/dtc.dir/src/cmd_init.c.o
  [19/96] Building C object dectalk_repo/CMakeFiles/dtc.dir/src/cm_copt.c.o
  In file included from C:/Users/alex/.gemini/antigravity/scratch/retro-tts-app/app/src/main/cpp/dectalk_repo/src/cm_copt.c:119:
  In file included from C:/Users/alex/.gemini/antigravity/scratch/retro-tts-app/app/src/main/cpp/dectalk_repo/include/cm_cdef.h:36:
  C:/Users/alex/.gemini/antigravity/scratch/retro-tts-app/app/src/main/cpp/dectalk_repo/include/c_us_cde.h:66:5: warning: initializing 'const unsigned char *' with an expression of type 'char[5]' converts between pointers to integer types where one is of the unique plain 'char' type and the other is not [-Wpointer-sign]
     66 |     "asky",
        |     ^~~~~~
  C:/Users/alex/.gemini/antigravity/scratch/retro-tts-app/app/src/main/cpp/dectalk_repo/include/c_us_cde.h:67:5: warning: initializing 'const unsigned char *' with an expression of type 'char[8]' converts between pointers to integer types where one is of the unique plain 'char' type and the other is not [-Wpointer-sign]
     67 |     "arpabet",
        |     ^~~~~~~~~
  C:/Users/alex/.gemini/antigravity/scratch/retro-tts-app/app/src/main/cpp/dectalk_repo/include/c_us_cde.h:68:5: warning: initializing 'const unsigned char *' with an expression of type 'char[6]' converts between pointers to integer types where one is of the unique plain 'char' type and the other is not [-Wpointer-sign]
     68 |     "speak",
        |     ^~~~~~~
  C:/Users/alex/.gemini/antigravity/scratch/retro-tts-app/app/src/main/cpp/dectalk_repo/include/c_us_cde.h:69:5: warning: initializing 'const unsigned char *' with an expression of type 'char[7]' converts between pointers to integer types where one is of the unique plain 'char' type and the other is not [-Wpointer-sign]
     69 |     "silent",
        |     ^~~~~~~~
  C:/Users/alex/.gemini/antigravity/scratch/retro-tts-app/app/src/main/cpp/dectalk_repo/include/c_us_cde.h:70:5: warning: initializing 'const unsigned char *' with an expression of type 'char[4]' converts between pointers to integer types where one is of the unique plain 'char' type and the other is not [-Wpointer-sign]
     70 |     "off",
        |     ^~~~~
  C:/Users/alex/.gemini/antigravity/scratch/retro-tts-app/app/src/main/cpp/dectalk_repo/include/c_us_cde.h:71:5: warning: initializing 'const unsigned char *' with an expression of type 'char[3]' converts between pointers to integer types where one is of the unique plain 'char' type and the other is not [-Wpointer-sign]
     71 |     "on",
        |     ^~~~
  C:/Users/alex/.gemini/antigravity/scratch/retro-tts-app/app/src/main/cpp/dectalk_repo/include/c_us_cde.h:80:5: warning: initializing 'const unsigned char *' with an expression of type 'char[5]' converts between pointers to integer types where one is of the unique plain 'char' type and the other is not [-Wpointer-sign]
     80 |     "text",
        |     ^~~~~~
  C:/Users/alex/.gemini/antigravity/scratch/retro-tts-app/app/src/main/cpp/dectalk_repo/include/c_us_cde.h:81:5: warning: initializing 'const unsigned char *' with an expression of type 'char[9]' converts between pointers to integer types where one is of the unique plain 'char' type and the other is not [-Wpointer-sign]
     81 |     "phonemes",
        |     ^~~~~~~~~~
  C:/Users/alex/.gemini/antigravity/scratch/retro-tts-app/app/src/main/cpp/dectalk_repo/include/c_us_cde.h:82:5: warning: initializing 'const unsigned char *' with an expression of type 'char[6]' converts between pointers to integer types where one is of the unique plain 'char' type and the other is not [-Wpointer-sign]
     82 |     "types",
        |     ^~~~~~~
  C:/Users/alex/.gemini/antigravity/scratch/retro-tts-app/app/src/main/cpp/dectalk_repo/include/c_us_cde.h:83:5: warning: initializing 'const unsigned char *' with an expression of type 'char[6]' converts between pointers to integer types where one is of the unique plain 'char' type and the other is not [-Wpointer-sign]
     83 |     "forms",
        |     ^~~~~~~
  C:/Users/alex/.gemini/antigravity/scratch/retro-tts-app/app/src/main/cpp/dectalk_repo/include/c_us_cde.h:84:5: warning: initializing 'const unsigned char *' with an expression of type 'char[10]' converts between pointers to integer types where one is of the unique plain 'char' type and the other is not [-Wpointer-sign]
     84 |     "syllables",
        |     ^~~~~~~~~~~
  C:/Users/alex/.gemini/antigravity/scratch/retro-tts-app/app/src/main/cpp/dectalk_repo/include/c_us_cde.h:85:5: warning: initializing 'const unsigned char *' with an expression of type 'char[8]' converts between pointers to integer types where one is of the unique plain 'char' type and the other is not [-Wpointer-sign]
     85 |     "outphon",
        |     ^~~~~~~~~
  C:/Users/alex/.gemini/antigravity/scratch/retro-tts-app/app/src/main/cpp/dectalk_repo/include/c_us_cde.h:86:5: warning: initializing 'const unsigned char *' with an expression of type 'char[7]' converts between pointers to integer types where one is of the unique plain 'char' type and the other is not [-Wpointer-sign]
     86 |     "dbglog", /* MFG 04/23/1998 added option for debug logging */
        |     ^~~~~~~~
  C:/Users/alex/.gemini/antigravity/scratch/retro-tts-app/app/src/main/cpp/dectalk_repo/include/c_us_cde.h:87:5: warning: initializing 'const unsigned char *' with an expression of type 'char[3]' converts between pointers to integer types where one is of the unique plain 'char' type and the other is not [-Wpointer-sign]
     87 |     "on",
        |     ^~~~
  C:/Users/alex/.gemini/antigravity/scratch/retro-tts-app/app/src/main/cpp/dectalk_repo/include/c_us_cde.h:88:5: warning: initializing 'const unsigned char *' with an expression of type 'char[4]' converts between pointers to integer types where one is of the unique plain 'char' type and the other is not [-Wpointer-sign]
     88 |     "off",
        |     ^~~~~
  C:/Users/alex/.gemini/antigravity/scratch/retro-tts-app/app/src/main/cpp/dectalk_repo/include/c_us_cde.h:89:5: warning: initializing 'const unsigned char *' with an expression of type 'char[4]' converts between pointers to integer types where one is of the unique plain 'char' type and the other is not [-Wpointer-sign]
     89 |     "set",
        |     ^~~~~
  C:/Users/alex/.gemini/antigravity/scratch/retro-tts-app/app/src/main/cpp/dectalk_repo/include/c_us_cde.h:98:5: warning: initializing 'const unsigned char *' with an expression of type 'char[7]' converts between pointers to integer types where one is of the unique plain 'char' type and the other is not [-Wpointer-sign]
     98 |     "clause",
        |     ^~~~~~~~
  C:/Users/alex/.gemini/antigravity/scratch/retro-tts-app/app/src/main/cpp/dectalk_repo/include/c_us_cde.h:99:5: warning: initializing 'const unsigned char *' with an expression of type 'char[5]' converts between pointers to integer types where one is of the unique plain 'char' type and the other is not [-Wpointer-sign]
     99 |     "word",
        |     ^~~~~~
  C:/Users/alex/.gemini/antigravity/scratch/retro-tts-app/app/src/main/cpp/dectalk_repo/include/c_us_cde.h:100:5: warning: initializing 'const unsigned char *' with an expression of type 'char[7]' converts between pointers to integer types where one is of the unique plain 'char' type and the other is not [-Wpointer-sign]
    100 |     "letter",
        |     ^~~~~~~~
  C:/Users/alex/.gemini/antigravity/scratch/retro-tts-app/app/src/main/cpp/dectalk_repo/include/c_us_cde.h:101:5: warning: initializing 'const unsigned char *' with an expression of type 'char[16]' converts between pointers to integer types where one is of the unique plain 'char' type and the other is not [-Wpointer-sign]
    101 |     "filtered_letter",
        |     ^~~~~~~~~~~~~~~~~
  C:/Users/alex/.gemini/antigravity/scratch/retro-tts-app/app/src/main/cpp/dectalk_repo/include/c_us_cde.h:102:5: warning: initializing 'const unsigned char *' with an expression of type 'char[5]' converts between pointers to integer types where one is of the unique plain 'char' type and the other is not [-Wpointer-sign]
    102 |     "line",
        |     ^~~~~~
  C:/Users/alex/.gemini/antigravity/scratch/retro-tts-app/app/src/main/cpp/dectalk_repo/include/c_us_cde.h:103:5: warning: initializing 'const unsigned char *' with an expression of type 'char[9]' converts between pointers to integer types where one is of the unique plain 'char' type and the other is not [-Wpointer-sign]
    103 |     "syllable",
        |     ^~~~~~~~~~
  C:/Users/alex/.gemini/antigravity/scratch/retro-tts-app/app/src/main/cpp/dectalk_repo/include/c_us_cde.h:112:5: warning: initializing 'const unsigned char *' with an expression of type 'char[7]' converts between pointers to integer types where one is of the unique plain 'char' type and the other is not [-Wpointer-sign]
    112 |     "ignore",
        |     ^~~~~~~~
  C:/Users/alex/.gemini/antigravity/scratch/retro-tts-app/app/src/main/cpp/dectalk_repo/include/c_us_cde.h:113:5: warning: initializing 'const unsigned char *' with an expression of type 'char[5]' converts between pointers to integer types where one is of the unique plain 'char' type and the other is not [-Wpointer-sign]
    113 |     "text",
        |     ^~~~~~
  C:/Users/alex/.gemini/antigravity/scratch/retro-tts-app/app/src/main/cpp/dectalk_repo/include/c_us_cde.h:114:5: warning: initializing 'const unsigned char *' with an expression of type 'char[7]' converts between pointers to integer types where one is of the unique plain 'char' type and the other is not [-Wpointer-sign]
    114 |     "escape",
        |     ^~~~~~~~
  C:/Users/alex/.gemini/antigravity/scratch/retro-tts-app/app/src/main/cpp/dectalk_repo/include/c_us_cde.h:115:5: warning: initializing 'const unsigned char *' with an expression of type 'char[6]' converts between pointers to integer types where one is of the unique plain 'char' type and the other is not [-Wpointer-sign]
    115 |     "speak",
        |     ^~~~~~~
  C:/Users/alex/.gemini/antigravity/scratch/retro-tts-app/app/src/main/cpp/dectalk_repo/include/c_us_cde.h:116:5: warning: initializing 'const unsigned char *' with an expression of type 'char[5]' converts between pointers to integer types where one is of the unique plain 'char' type and the other is not [-Wpointer-sign]
    116 |     "tone",
        |     ^~~~~~
  C:/Users/alex/.gemini/antigravity/scratch/retro-tts-app/app/src/main/cpp/dectalk_repo/include/c_us_cde.h:125:5: warning: initializing 'const unsigned char *' with an expression of type 'char[4]' converts between pointers to integer types where one is of the unique plain 'char' type and the other is not [-Wpointer-sign]
    125 |     "all",
        |     ^~~~~
  C:/Users/alex/.gemini/antigravity/scratch/retro-tts-app/app/src/main/cpp/dectalk_repo/include/c_us_cde.h:126:5: warning: initializing 'const unsigned char *' with an expression of type 'char[6]' converts between pointers to integer types where one is of the unique plain 'char' type and the other is not [-Wpointer-sign]
    126 |     "until",
        |     ^~~~~~~
  C:/Users/alex/.gemini/antigravity/scratch/retro-tts-app/app/src/main/cpp/dectalk_repo/include/c_us_cde.h:127:5: warning: initializing 'const unsigned char *' with an expression of type 'char[5]' converts between pointers to integer types where one is of the unique plain 'char' type and the other is not [-Wpointer-sign]
    127 |     "mask",
        |     ^~~~~~
  C:/Users/alex/.gemini/antigravity/scratch/retro-tts-app/app/src/main/cpp/dectalk_repo/include/c_us_cde.h:128:5: warning: initializing 'const unsigned char *' with an expression of type 'char[6]' converts between pointers to integer types where one is of the unique plain 'char' type and the other is not [-Wpointer-sign]
    128 |     "after",
        |     ^~~~~~~
  C:/Users/alex/.gemini/antigravity/scratch/retro-tts-app/app/src/main/cpp/dectalk_repo/include/c_us_cde.h:129:5: warning: initializing 'const unsigned char *' with an expression of type 'char[7]' converts between pointers to integer types where one is of the unique plain 'char' type and the other is not [-Wpointer-sign]
    129 |     "speech",
        |     ^~~~~~~~
  C:/Users/alex/.gemini/antigravity/scratch/retro-tts-app/app/src/main/cpp/dectalk_repo/include/c_us_cde.h:139:5: warning: initializing 'const unsigned char *' with an expression of type 'char[5]' converts between pointers to integer types where one is of the unique plain 'char' type and the other is not [-Wpointer-sign]
    139 |     "none",
        |     ^~~~~~
  C:/Users/alex/.gemini/antigravity/scratch/retro-tts-app/app/src/main/cpp/dectalk_repo/include/c_us_cde.h:140:5: warning: initializing 'const unsigned char *' with an expression of type 'char[5]' converts between pointers to integer types where one is of the unique plain 'char' type and the other is not [-Wpointer-sign]
    140 |     "some",
        |     ^~~~~~
  C:/Users/alex/.gemini/antigravity/scratch/retro-tts-app/app/src/main/cpp/dectalk_repo/include/c_us_cde.h:141:5: warning: initializing 'const unsigned char *' with an expression of type 'char[4]' converts between pointers to integer types where one is of the unique plain 'char' type and the other is not [-Wpointer-sign]
    141 |     "all",
        |     ^~~~~
  C:/Users/alex/.gemini/antigravity/scratch/retro-tts-app/app/src/main/cpp/dectalk_repo/include/c_us_cde.h:142:5: warning: initializing 'const unsigned char *' with an expression of type 'char[5]' converts between pointers to integer types where one is of the unique plain 'char' type and the other is not [-Wpointer-sign]
    142 |     "pass",
        |     ^~~~~~
  C:/Users/alex/.gemini/antigravity/scratch/retro-tts-app/app/src/main/cpp/dectalk_repo/include/c_us_cde.h:152:5: warning: initializing 'const unsigned char *' with an expression of type 'char[5]' converts between pointers to integer types where one is of the unique plain 'char' type and the other is not [-Wpointer-sign]
    152 |     "none",
        |     ^~~~~~
  C:/Users/alex/.gemini/antigravity/scratch/retro-tts-app/app/src/main/cpp/dectalk_repo/include/c_us_cde.h:153:5: warning: initializing 'const unsigned char *' with an expression of type 'char[6]' converts between pointers to integer types where one is of the unique plain 'char' type and the other is not [-Wpointer-sign]
    153 |     "email",
        |     ^~~~~~~
  C:/Users/alex/.gemini/antigravity/scratch/retro-tts-app/app/src/main/cpp/dectalk_repo/include/c_us_cde.h:154:5: warning: initializing 'const unsigned char *' with an expression of type 'char[6]' converts between pointers to integer types where one is of the unique plain 'char' type and the other is not [-Wpointer-sign]
    154 |     "punct",
        |     ^~~~~~~
  C:/Users/alex/.gemini/antigravity/scratch/retro-tts-app/app/src/main/cpp/dectalk_repo/include/c_us_cde.h:155:5: warning: initializing 'const unsigned char *' with an expression of type 'char[5]' converts between pointers to integer types where one is of the unique plain 'char' type and the other is not [-Wpointer-sign]
    155 |     "rule",
        |     ^~~~~~
  C:/Users/alex/.gemini/antigravity/scratch/retro-tts-app/app/src/main/cpp/dectalk_repo/include/c_us_cde.h:156:5: warning: initializing 'const unsigned char *' with an expression of type 'char[4]' converts between pointers to integer types where one is of the unique plain 'char' type and the other is not [-Wpointer-sign]
    156 |     "all",
        |     ^~~~~
  C:/Users/alex/.gemini/antigravity/scratch/retro-tts-app/app/src/main/cpp/dectalk_repo/include/c_us_cde.h:157:5: warning: initializing 'const unsigned char *' with an expression of type 'char[4]' converts between pointers to integer types where one is of the unique plain 'char' type and the other is not [-Wpointer-sign]
    157 |     "cpg",
        |     ^~~~~
  C:/Users/alex/.gemini/antigravity/scratch/retro-tts-app/app/src/main/cpp/dectalk_repo/include/c_us_cde.h:170:5: warning: initializing 'const unsigned char *' with an expression of type 'char[4]' converts between pointers to integer types where one is of the unique plain 'char' type and the other is not [-Wpointer-sign]
    170 |     "set",
        |     ^~~~~
  C:/Users/alex/.gemini/antigravity/scratch/retro-tts-app/app/src/main/cpp/dectalk_repo/include/c_us_cde.h:171:5: warning: initializing 'const unsigned char *' with an expression of type 'char[3]' converts between pointers to integer types where one is of the unique plain 'char' type and the other is not [-Wpointer-sign]
    171 |     "up",
        |     ^~~~
  C:/Users/alex/.gemini/antigravity/scratch/retro-tts-app/app/src/main/cpp/dectalk_repo/include/c_us_cde.h:172:5: warning: initializing 'const unsigned char *' with an expression of type 'char[5]' converts between pointers to integer types where one is of the unique plain 'char' type and the other is not [-Wpointer-sign]
    172 |     "down",
        |     ^~~~~~
  C:/Users/alex/.gemini/antigravity/scratch/retro-tts-app/app/src/main/cpp/dectalk_repo/include/c_us_cde.h:173:5: warning: initializing 'const unsigned char *' with an expression of type 'char[5]' converts between pointers to integer types where one is of the unique plain 'char' type and the other is not [-Wpointer-sign]
    173 |     "lset",
        |     ^~~~~~
  C:/Users/alex/.gemini/antigravity/scratch/retro-tts-app/app/src/main/cpp/dectalk_repo/include/c_us_cde.h:174:5: warning: initializing 'const unsigned char *' with an expression of type 'char[4]' converts between pointers to integer types where one is of the unique plain 'char' type and the other is not [-Wpointer-sign]
    174 |     "lup",
        |     ^~~~~
  C:/Users/alex/.gemini/antigravity/scratch/retro-tts-app/app/src/main/cpp/dectalk_repo/include/c_us_cde.h:175:5: warning: initializing 'const unsigned char *' with an expression of type 'char[6]' converts between pointers to integer types where one is of the unique plain 'char' type and the other is not [-Wpointer-sign]
    175 |     "ldown",
        |     ^~~~~~~
  C:/Users/alex/.gemini/antigravity/scratch/retro-tts-app/app/src/main/cpp/dectalk_repo/include/c_us_cde.h:176:5: warning: initializing 'const unsigned char *' with an expression of type 'char[5]' converts between pointers to integer types where one is of the unique plain 'char' type and the other is not [-Wpointer-sign]
    176 |     "rset",
        |     ^~~~~~
  C:/Users/alex/.gemini/antigravity/scratch/retro-tts-app/app/src/main/cpp/dectalk_repo/include/c_us_cde.h:177:5: warning: initializing 'const unsigned char *' with an expression of type 'char[4]' converts between pointers to integer types where one is of the unique plain 'char' type and the other is not [-Wpointer-sign]
    177 |     "rup",
        |     ^~~~~
  C:/Users/alex/.gemini/antigravity/scratch/retro-tts-app/app/src/main/cpp/dectalk_repo/include/c_us_cde.h:178:5: warning: initializing 'const unsigned char *' with an expression of type 'char[6]' converts between pointers to integer types where one is of the unique plain 'char' type and the other is not [-Wpointer-sign]
    178 |     "rdown",
        |     ^~~~~~~
  C:/Users/alex/.gemini/antigravity/scratch/retro-tts-app/app/src/main/cpp/dectalk_repo/include/c_us_cde.h:179:5: warning: initializing 'const unsigned char *' with an expression of type 'char[5]' converts between pointers to integer types where one is of the unique plain 'char' type and the other is not [-Wpointer-sign]
    179 |     "sset",
        |     ^~~~~~
  C:/Users/alex/.gemini/antigravity/scratch/retro-tts-app/app/src/main/cpp/dectalk_repo/include/c_us_cde.h:180:5: warning: initializing 'const unsigned char *' with an expression of type 'char[4]' converts between pointers to integer types where one is of the unique plain 'char' type and the other is not [-Wpointer-sign]
    180 |     "att",
        |     ^~~~~
  C:/Users/alex/.gemini/antigravity/scratch/retro-tts-app/app/src/main/cpp/dectalk_repo/include/c_us_cde.h:190:5: warning: initializing 'const unsigned char *' with an expression of type 'char[8]' converts between pointers to integer types where one is of the unique plain 'char' type and the other is not [-Wpointer-sign]
    190 |     "english",
        |     ^~~~~~~~~
  C:/Users/alex/.gemini/antigravity/scratch/retro-tts-app/app/src/main/cpp/dectalk_repo/include/c_us_cde.h:191:5: warning: initializing 'const unsigned char *' with an expression of type 'char[8]' converts between pointers to integer types where one is of the unique plain 'char' type and the other is not [-Wpointer-sign]
    191 |     "british",
        |     ^~~~~~~~~
  C:/Users/alex/.gemini/antigravity/scratch/retro-tts-app/app/src/main/cpp/dectalk_repo/include/c_us_cde.h:192:5: warning: initializing 'const unsigned char *' with an expression of type 'char[7]' converts between pointers to integer types where one is of the unique plain 'char' type and the other is not [-Wpointer-sign]
    192 |     "french",
        |     ^~~~~~~~
  C:/Users/alex/.gemini/antigravity/scratch/retro-tts-app/app/src/main/cpp/dectalk_repo/include/c_us_cde.h:193:5: warning: initializing 'const unsigned char *' with an expression of type 'char[7]' converts between pointers to integer types where one is of the unique plain 'char' type and the other is not [-Wpointer-sign]
    193 |     "german",
        |     ^~~~~~~~
  C:/Users/alex/.gemini/antigravity/scratch/retro-tts-app/app/src/main/cpp/dectalk_repo/include/c_us_cde.h:194:5: warning: initializing 'const unsigned char *' with an expression of type 'char[8]' converts between pointers to integer types where one is of the unique plain 'char' type and the other is not [-Wpointer-sign]
    194 |     "spanish",
        |     ^~~~~~~~~
  C:/Users/alex/.gemini/antigravity/scratch/retro-tts-app/app/src/main/cpp/dectalk_repo/include/c_us_cde.h:195:5: warning: initializing 'const unsigned char *' with an expression of type 'char[15]' converts between pointers to integer types where one is of the unique plain 'char' type and the other is not [-Wpointer-sign]
    195 |     "latin_amercian",
        |     ^~~~~~~~~~~~~~~~
  C:/Users/alex/.gemini/antigravity/scratch/retro-tts-app/app/src/main/cpp/dectalk_repo/include/c_us_cde.h:196:5: warning: initializing 'const unsigned char *' with an expression of type 'char[3]' converts between pointers to integer types where one is of the unique plain 'char' type and the other is not [-Wpointer-sign]
    196 |     "us",
        |     ^~~~
  C:/Users/alex/.gemini/antigravity/scratch/retro-tts-app/app/src/main/cpp/dectalk_repo/include/c_us_cde.h:197:5: warning: initializing 'const unsigned char *' with an expression of type 'char[3]' converts between pointers to integer types where one is of the unique plain 'char' type and the other is not [-Wpointer-sign]
    197 |     "uk",
        |     ^~~~
  C:/Users/alex/.gemini/antigravity/scratch/retro-tts-app/app/src/main/cpp/dectalk_repo/include/c_us_cde.h:198:5: warning: initializing 'const unsigned char *' with an expression of type 'char[3]' converts between pointers to integer types where one is of the unique plain 'char' type and the other is not [-Wpointer-sign]
    198 |     "fr",
        |     ^~~~
  C:/Users/alex/.gemini/antigravity/scratch/retro-tts-app/app/src/main/cpp/dectalk_repo/include/c_us_cde.h:199:5: warning: initializing 'const unsigned char *' with an expression of type 'char[3]' converts between pointers to integer types where one is of the unique plain 'char' type and the other is not [-Wpointer-sign]
    199 |     "gr",
        |     ^~~~
  C:/Users/alex/.gemini/antigravity/scratch/retro-tts-app/app/src/main/cpp/dectalk_repo/include/c_us_cde.h:200:5: warning: initializing 'const unsigned char *' with an expression of type 'char[3]' converts between pointers to integer types where one is of the unique plain 'char' type and the other is not [-Wpointer-sign]
    200 |     "sp",
        |     ^~~~
  C:/Users/alex/.gemini/antigravity/scratch/retro-tts-app/app/src/main/cpp/dectalk_repo/include/c_us_cde.h:201:5: warning: initializing 'const unsigned char *' with an expression of type 'char[3]' converts between pointers to integer types where one is of the unique plain 'char' type and the other is not [-Wpointer-sign]
    201 |     "la",
        |     ^~~~
  C:/Users/alex/.gemini/antigravity/scratch/retro-tts-app/app/src/main/cpp/dectalk_repo/include/c_us_cde.h:209:5: warning: initializing 'const unsigned char *' with an expression of type 'char[6]' converts between pointers to integer types where one is of the unique plain 'char' type and the other is not [-Wpointer-sign]
    209 |     "speak",
        |     ^~~~~~~
  C:/Users/alex/.gemini/antigravity/scratch/retro-tts-app/app/src/main/cpp/dectalk_repo/include/c_us_cde.h:210:5: warning: initializing 'const unsigned char *' with an expression of type 'char[7]' converts between pointers to integer types where one is of the unique plain 'char' type and the other is not [-Wpointer-sign]
    210 |     "status",
        |     ^~~~~~~~
  C:/Users/alex/.gemini/antigravity/scratch/retro-tts-app/app/src/main/cpp/dectalk_repo/include/c_us_cde.h:215:5: warning: initializing 'const unsigned char *' with an expression of type 'char[5]' converts between pointers to integer types where one is of the unique plain 'char' type and the other is not [-Wpointer-sign]
    215 |     "math",
        |     ^~~~~~
  C:/Users/alex/.gemini/antigravity/scratch/retro-tts-app/app/src/main/cpp/dectalk_repo/include/c_us_cde.h:216:5: warning: initializing 'const unsigned char *' with an expression of type 'char[7]' converts between pointers to integer types where one is of the unique plain 'char' type and the other is not [-Wpointer-sign]
    216 |     "europe",
        |     ^~~~~~~~
  C:/Users/alex/.gemini/antigravity/scratch/retro-tts-app/app/src/main/cpp/dectalk_repo/include/c_us_cde.h:217:5: warning: initializing 'const unsigned char *' with an expression of type 'char[6]' converts between pointers to integer types where one is of the unique plain 'char' type and the other is not [-Wpointer-sign]
    217 |     "spell",
        |     ^~~~~~~
  C:/Users/alex/.gemini/antigravity/scratch/retro-tts-app/app/src/main/cpp/dectalk_repo/include/c_us_cde.h:218:5: warning: initializing 'const unsigned char *' with an expression of type 'char[5]' converts between pointers to integer types where one is of the unique plain 'char' type and the other is not [-Wpointer-sign]
    218 |     "name",
        |     ^~~~~~
  C:/Users/alex/.gemini/antigravity/scratch/retro-tts-app/app/src/main/cpp/dectalk_repo/include/c_us_cde.h:219:5: warning: initializing 'const unsigned char *' with an expression of type 'char[10]' converts between pointers to integer types where one is of the unique plain 'char' type and the other is not [-Wpointer-sign]
    219 |     "homograph",
        |     ^~~~~~~~~~~
  C:/Users/alex/.gemini/antigravity/scratch/retro-tts-app/app/src/main/cpp/dectalk_repo/include/c_us_cde.h:220:5: warning: initializing 'const unsigned char *' with an expression of type 'char[9]' converts between pointers to integer types where one is of the unique plain 'char' type and the other is not [-Wpointer-sign]
    220 |     "citation",
        |     ^~~~~~~~~~
  C:/Users/alex/.gemini/antigravity/scratch/retro-tts-app/app/src/main/cpp/dectalk_repo/include/c_us_cde.h:221:5: warning: initializing 'const unsigned char *' with an expression of type 'char[6]' converts between pointers to integer types where one is of the unique plain 'char' type and the other is not [-Wpointer-sign]
    221 |     "latin",
        |     ^~~~~~~
  C:/Users/alex/.gemini/antigravity/scratch/retro-tts-app/app/src/main/cpp/dectalk_repo/include/c_us_cde.h:222:5: warning: initializing 'const unsigned char *' with an expression of type 'char[6]' converts between pointers to integer types where one is of the unique plain 'char' type and the other is not [-Wpointer-sign]
    222 |     "table",
        |     ^~~~~~~
  C:/Users/alex/.gemini/antigravity/scratch/retro-tts-app/app/src/main/cpp/dectalk_repo/include/c_us_cde.h:223:5: warning: initializing 'const unsigned char *' with an expression of type 'char[6]' converts between pointers to integer types where one is of the unique plain 'char' type and the other is not [-Wpointer-sign]
    223 |     "email",
        |     ^~~~~~~
  C:/Users/alex/.gemini/antigravity/scratch/retro-tts-app/app/src/main/cpp/dectalk_repo/include/c_us_cde.h:224:5: warning: initializing 'const unsigned char *' with an expression of type 'char[3]' converts between pointers to integer types where one is of the unique plain 'char' type and the other is not [-Wpointer-sign]
    224 |     "on",
        |     ^~~~
  C:/Users/alex/.gemini/antigravity/scratch/retro-tts-app/app/src/main/cpp/dectalk_repo/include/c_us_cde.h:225:5: warning: initializing 'const unsigned char *' with an expression of type 'char[4]' converts between pointers to integer types where one is of the unique plain 'char' type and the other is not [-Wpointer-sign]
    225 |     "off",
        |     ^~~~~
  C:/Users/alex/.gemini/antigravity/scratch/retro-tts-app/app/src/main/cpp/dectalk_repo/include/c_us_cde.h:226:5: warning: initializing 'const unsigned char *' with an expression of type 'char[4]' converts between pointers to integer types where one is of the unique plain 'char' type and the other is not [-Wpointer-sign]
    226 |     "set",
        |     ^~~~~
  C:/Users/alex/.gemini/antigravity/scratch/retro-tts-app/app/src/main/cpp/dectalk_repo/include/c_us_cde.h:231:5: warning: initializing 'const unsigned char *' with an expression of type 'char[10]' converts between pointers to integer types where one is of the unique plain 'char' type and the other is not [-Wpointer-sign]
    231 |     "alternate",
        |     ^~~~~~~~~~~
  C:/Users/alex/.gemini/antigravity/scratch/retro-tts-app/app/src/main/cpp/dectalk_repo/include/c_us_cde.h:232:5: warning: initializing 'const unsigned char *' with an expression of type 'char[5]' converts between pointers to integer types where one is of the unique plain 'char' type and the other is not [-Wpointer-sign]
    232 |     "name",
        |     ^~~~~~
  C:/Users/alex/.gemini/antigravity/scratch/retro-tts-app/app/src/main/cpp/dectalk_repo/include/c_us_cde.h:233:5: warning: initializing 'const unsigned char *' with an expression of type 'char[8]' converts between pointers to integer types where one is of the unique plain 'char' type and the other is not [-Wpointer-sign]
    233 |     "primary",
        |     ^~~~~~~~~
  C:/Users/alex/.gemini/antigravity/scratch/retro-tts-app/app/src/main/cpp/dectalk_repo/include/c_us_cde.h:234:5: warning: initializing 'const unsigned char *' with an expression of type 'char[5]' converts between pointers to integer types where one is of the unique plain 'char' type and the other is not [-Wpointer-sign]
    234 |     "noun",
        |     ^~~~~~
  C:/Users/alex/.gemini/antigravity/scratch/retro-tts-app/app/src/main/cpp/dectalk_repo/include/c_us_cde.h:235:5: warning: initializing 'const unsigned char *' with an expression of type 'char[5]' converts between pointers to integer types where one is of the unique plain 'char' type and the other is not [-Wpointer-sign]
    235 |     "verb",
        |     ^~~~~~
  C:/Users/alex/.gemini/antigravity/scratch/retro-tts-app/app/src/main/cpp/dectalk_repo/include/c_us_cde.h:236:5: warning: initializing 'const unsigned char *' with an expression of type 'char[10]' converts between pointers to integer types where one is of the unique plain 'char' type and the other is not [-Wpointer-sign]
    236 |     "adjective",
        |     ^~~~~~~~~~~
  C:/Users/alex/.gemini/antigravity/scratch/retro-tts-app/app/src/main/cpp/dectalk_repo/include/c_us_cde.h:237:5: warning: initializing 'const unsigned char *' with an expression of type 'char[9]' converts between pointers to integer types where one is of the unique plain 'char' type and the other is not [-Wpointer-sign]
    237 |     "function",
        |     ^~~~~~~~~~
  C:/Users/alex/.gemini/antigravity/scratch/retro-tts-app/app/src/main/cpp/dectalk_repo/include/c_us_cde.h:238:5: warning: initializing 'const unsigned char *' with an expression of type 'char[13]' converts between pointers to integer types where one is of the unique plain 'char' type and the other is not [-Wpointer-sign]
    238 |     "interjection",
        |     ^~~~~~~~~~~~~~
  C:/Users/alex/.gemini/antigravity/scratch/retro-tts-app/app/src/main/cpp/dectalk_repo/include/c_us_cde.h:246:5: warning: initializing 'const unsigned char *' with an expression of type 'char[5]' converts between pointers to integer types where one is of the unique plain 'char' type and the other is not [-Wpointer-sign]
    246 |     "paul",
        |     ^~~~~~
  C:/Users/alex/.gemini/antigravity/scratch/retro-tts-app/app/src/main/cpp/dectalk_repo/include/c_us_cde.h:247:5: warning: initializing 'const unsigned char *' with an expression of type 'char[6]' converts between pointers to integer types where one is of the unique plain 'char' type and the other is not [-Wpointer-sign]
    247 |     "betty",
        |     ^~~~~~~
  C:/Users/alex/.gemini/antigravity/scratch/retro-tts-app/app/src/main/cpp/dectalk_repo/include/c_us_cde.h:248:5: warning: initializing 'const unsigned char *' with an expression of type 'char[6]' converts between pointers to integer types where one is of the unique plain 'char' type and the other is not [-Wpointer-sign]
    248 |     "harry",
        |     ^~~~~~~
  C:/Users/alex/.gemini/antigravity/scratch/retro-tts-app/app/src/main/cpp/dectalk_repo/include/c_us_cde.h:249:5: warning: initializing 'const unsigned char *' with an expression of type 'char[6]' converts between pointers to integer types where one is of the unique plain 'char' type and the other is not [-Wpointer-sign]
    249 |     "frank",
        |     ^~~~~~~
  C:/Users/alex/.gemini/antigravity/scratch/retro-tts-app/app/src/main/cpp/dectalk_repo/include/c_us_cde.h:250:5: warning: initializing 'const unsigned char *' with an expression of type 'char[7]' converts between pointers to integer types where one is of the unique plain 'char' type and the other is not [-Wpointer-sign]
    250 |     "dennis",
        |     ^~~~~~~~
  C:/Users/alex/.gemini/antigravity/scratch/retro-tts-app/app/src/main/cpp/dectalk_repo/include/c_us_cde.h:251:5: warning: initializing 'const unsigned char *' with an expression of type 'char[4]' converts between pointers to integer types where one is of the unique plain 'char' type and the other is not [-Wpointer-sign]
    251 |     "kit",
        |     ^~~~~
  C:/Users/alex/.gemini/antigravity/scratch/retro-tts-app/app/src/main/cpp/dectalk_repo/include/c_us_cde.h:252:5: warning: initializing 'const unsigned char *' with an expression of type 'char[7]' converts between pointers to integer types where one is of the unique plain 'char' type and the other is not [-Wpointer-sign]
    252 |     "ursula",
        |     ^~~~~~~~
  C:/Users/alex/.gemini/antigravity/scratch/retro-tts-app/app/src/main/cpp/dectalk_repo/include/c_us_cde.h:253:5: warning: initializing 'const unsigned char *' with an expression of type 'char[5]' converts between pointers to integer types where one is of the unique plain 'char' type and the other is not [-Wpointer-sign]
    253 |     "rita",
        |     ^~~~~~
  C:/Users/alex/.gemini/antigravity/scratch/retro-tts-app/app/src/main/cpp/dectalk_repo/include/c_us_cde.h:254:5: warning: initializing 'const unsigned char *' with an expression of type 'char[6]' converts between pointers to integer types where one is of the unique plain 'char' type and the other is not [-Wpointer-sign]
    254 |     "wendy",
        |     ^~~~~~~
  C:/Users/alex/.gemini/antigravity/scratch/retro-tts-app/app/src/main/cpp/dectalk_repo/include/c_us_cde.h:258:5: warning: initializing 'const unsigned char *' with an expression of type 'char[4]' converts between pointers to integer types where one is of the unique plain 'char' type and the other is not [-Wpointer-sign]
    258 |     "val",
        |     ^~~~~
  C:/Users/alex/.gemini/antigravity/scratch/retro-tts-app/app/src/main/cpp/dectalk_repo/include/c_us_cde.h:267:5: warning: initializing 'const unsigned char *' with an expression of type 'char[5]' converts between pointers to integer types where one is of the unique plain 'char' type and the other is not [-Wpointer-sign]
    267 |     "mark",
        |     ^~~~~~
  C:/Users/alex/.gemini/antigravity/scratch/retro-tts-app/app/src/main/cpp/dectalk_repo/include/c_us_cde.h:268:5: warning: initializing 'const unsigned char *' with an expression of type 'char[6]' converts between pointers to integer types where one is of the unique plain 'char' type and the other is not [-Wpointer-sign]
    268 |     "reply",
        |     ^~~~~~~
  C:/Users/alex/.gemini/antigravity/scratch/retro-tts-app/app/src/main/cpp/dectalk_repo/include/c_us_cde.h:269:5: warning: initializing 'const unsigned char *' with an expression of type 'char[6]' converts between pointers to integer types where one is of the unique plain 'char' type and the other is not [-Wpointer-sign]
    269 |     "query",
        |     ^~~~~~~
  C:/Users/alex/.gemini/antigravity/scratch/retro-tts-app/app/src/main/cpp/dectalk_repo/include/c_us_cde.h:270:5: warning: initializing 'const unsigned char *' with an expression of type 'char[6]' converts between pointers to integer types where one is of the unique plain 'char' type and the other is not [-Wpointer-sign]
    270 |     "pause",
        |     ^~~~~~~
  C:/Users/alex/.gemini/antigravity/scratch/retro-tts-app/app/src/main/cpp/dectalk_repo/include/c_us_cde.h:274:5: warning: initializing 'const unsigned char *' with an expression of type 'char[10]' converts between pointers to integer types where one is of the unique plain 'char' type and the other is not [-Wpointer-sign]
    274 |     "masculine",
        |     ^~~~~~~~~~~
  C:/Users/alex/.gemini/antigravity/scratch/retro-tts-app/app/src/main/cpp/dectalk_repo/include/c_us_cde.h:275:5: warning: initializing 'const unsigned char *' with an expression of type 'char[7]' converts between pointers to integer types where one is of the unique plain 'char' type and the other is not [-Wpointer-sign]
    275 |     "neuter",
        |     ^~~~~~~~
  C:/Users/alex/.gemini/antigravity/scratch/retro-tts-app/app/src/main/cpp/dectalk_repo/include/c_us_cde.h:276:5: warning: initializing 'const unsigned char *' with an expression of type 'char[9]' converts between pointers to integer types where one is of the unique plain 'char' type and the other is not [-Wpointer-sign]
    276 |     "feminine",
        |     ^~~~~~~~~~
  C:/Users/alex/.gemini/antigravity/scratch/retro-tts-app/app/src/main/cpp/dectalk_repo/include/c_us_cde.h:285:5: warning: initializing 'const unsigned char *' with an expression of type 'char[5]' converts between pointers to integer types where one is of the unique plain 'char' type and the other is not [-Wpointer-sign]
    285 |     "save", /* make the changes permanent */
        |     ^~~~~~
  C:/Users/alex/.gemini/antigravity/scratch/retro-tts-app/app/src/main/cpp/dectalk_repo/include/c_us_cde.h:286:5: warning: initializing 'const unsigned char *' with an expression of type 'char[3]' converts between pointers to integer types where one is of the unique plain 'char' type and the other is not [-Wpointer-sign]
    286 |     "sx",   /* SEX = m */
        |     ^~~~
  C:/Users/alex/.gemini/antigravity/scratch/retro-tts-app/app/src/main/cpp/dectalk_repo/include/c_us_cde.h:287:5: warning: initializing 'const unsigned char *' with an expression of type 'char[3]' converts between pointers to integer types where one is of the unique plain 'char' type and the other is not [-Wpointer-sign]
    287 |     "sm",   /* SM (smoothness in %, actually spectral tilt offset) */
        |     ^~~~
  C:/Users/alex/.gemini/antigravity/scratch/retro-tts-app/app/src/main/cpp/dectalk_repo/include/c_us_cde.h:288:5: warning: initializing 'const unsigned char *' with an expression of type 'char[3]' converts between pointers to integer types where one is of the unique plain 'char' type and the other is not [-Wpointer-sign]
    288 |     "as",   /* AS (assertiveness, degree of final f0 fall in % */
        |     ^~~~
  C:/Users/alex/.gemini/antigravity/scratch/retro-tts-app/app/src/main/cpp/dectalk_repo/include/c_us_cde.h:289:5: warning: initializing 'const unsigned char *' with an expression of type 'char[3]' converts between pointers to integer types where one is of the unique plain 'char' type and the other is not [-Wpointer-sign]
    289 |     "ap",   /* AP (Average pitch in Hz) */
        |     ^~~~
  C:/Users/alex/.gemini/antigravity/scratch/retro-tts-app/app/src/main/cpp/dectalk_repo/include/c_us_cde.h:290:5: warning: initializing 'const unsigned char *' with an expression of type 'char[3]' converts between pointers to integer types where one is of the unique plain 'char' type and the other is not [-Wpointer-sign]
    290 |     "pr",   /* PR (pitch range in percent of Paul's range) */
        |     ^~~~
  C:/Users/alex/.gemini/antigravity/scratch/retro-tts-app/app/src/main/cpp/dectalk_repo/include/c_us_cde.h:291:5: warning: initializing 'const unsigned char *' with an expression of type 'char[3]' converts between pointers to integer types where one is of the unique plain 'char' type and the other is not [-Wpointer-sign]
    291 |     "br",   /* BR (breathiness in dB) */
        |     ^~~~
  C:/Users/alex/.gemini/antigravity/scratch/retro-tts-app/app/src/main/cpp/dectalk_repo/include/c_us_cde.h:292:5: warning: initializing 'const unsigned char *' with an expression of type 'char[3]' converts between pointers to integer types where one is of the unique plain 'char' type and the other is not [-Wpointer-sign]
    292 |     "ri",   /* RI (was 45,Richness in %, actually nopen is 100-RI % of T0) */
        |     ^~~~
  C:/Users/alex/.gemini/antigravity/scratch/retro-tts-app/app/src/main/cpp/dectalk_repo/include/c_us_cde.h:293:5: warning: initializing 'const unsigned char *' with an expression of type 'char[3]' converts between pointers to integer types where one is of the unique plain 'char' type and the other is not [-Wpointer-sign]
    293 |     "nf",   /* NF (additional fixed number of samples in nopen) */
        |     ^~~~
  C:/Users/alex/.gemini/antigravity/scratch/retro-tts-app/app/src/main/cpp/dectalk_repo/include/c_us_cde.h:294:5: warning: initializing 'const unsigned char *' with an expression of type 'char[3]' converts between pointers to integer types where one is of the unique plain 'char' type and the other is not [-Wpointer-sign]
    294 |     "la",   /* LA (laryngealization, in percent) */
        |     ^~~~
  C:/Users/alex/.gemini/antigravity/scratch/retro-tts-app/app/src/main/cpp/dectalk_repo/include/c_us_cde.h:295:5: warning: initializing 'const unsigned char *' with an expression of type 'char[3]' converts between pointers to integer types where one is of the unique plain 'char' type and the other is not [-Wpointer-sign]
    295 |     "hs",   /* HS (head size, in percent relative to normal for SEX) */
        |     ^~~~
  C:/Users/alex/.gemini/antigravity/scratch/retro-tts-app/app/src/main/cpp/dectalk_repo/include/c_us_cde.h:296:5: warning: initializing 'const unsigned char *' with an expression of type 'char[3]' converts between pointers to integer types where one is of the unique plain 'char' type and the other is not [-Wpointer-sign]
    296 |     "f4",   /* F4 (was 3350, frequency in Hz of cascade 4th formant = F4*100/HS) */
        |     ^~~~
  C:/Users/alex/.gemini/antigravity/scratch/retro-tts-app/app/src/main/cpp/dectalk_repo/include/c_us_cde.h:297:5: warning: initializing 'const unsigned char *' with an expression of type 'char[3]' converts between pointers to integer types where one is of the unique plain 'char' type and the other is not [-Wpointer-sign]
    297 |     "b4",   /* B4 (was 230, bandwidth in Hz of cascade 4th formant) */
        |     ^~~~
  C:/Users/alex/.gemini/antigravity/scratch/retro-tts-app/app/src/main/cpp/dectalk_repo/include/c_us_cde.h:298:5: warning: initializing 'const unsigned char *' with an expression of type 'char[3]' converts between pointers to integer types where one is of the unique plain 'char' type and the other is not [-Wpointer-sign]
    298 |     "f5",   /* F5 (was 3900, frequency in Hz of cascade 5th formant = F5*100/HS) */
        |     ^~~~
  C:/Users/alex/.gemini/antigravity/scratch/retro-tts-app/app/src/main/cpp/dectalk_repo/include/c_us_cde.h:299:5: warning: initializing 'const unsigned char *' with an expression of type 'char[3]' converts between pointers to integer types where one is of the unique plain 'char' type and the other is not [-Wpointer-sign]
    299 |     "b5",   /* B5 (was 180, bandwidth in Hz of cascaded 5th formant) */
        |     ^~~~
  C:/Users/alex/.gemini/antigravity/scratch/retro-tts-app/app/src/main/cpp/dectalk_repo/include/c_us_cde.h:300:5: warning: initializing 'const unsigned char *' with an expression of type 'char[3]' converts between pointers to integer types where one is of the unique plain 'char' type and the other is not [-Wpointer-sign]
    300 |     "f7",   /* F7 (frequency in Hz of parallel 4th formant = F7) */
        |     ^~~~
  C:/Users/alex/.gemini/antigravity/scratch/retro-tts-app/app/src/main/cpp/dectalk_repo/include/c_us_cde.h:301:5: warning: initializing 'const unsigned char *' with an expression of type 'char[3]' converts between pointers to integer types where one is of the unique plain 'char' type and the other is not [-Wpointer-sign]
    301 |     "f8",   /* F8 (frequency in Hz of parallel 5th formant = F8) */
        |     ^~~~
  C:/Users/alex/.gemini/antigravity/scratch/retro-tts-app/app/src/main/cpp/dectalk_repo/include/c_us_cde.h:302:5: warning: initializing 'const unsigned char *' with an expression of type 'char[3]' converts between pointers to integer types where one is of the unique plain 'char' type and the other is not [-Wpointer-sign]
    302 |     "gf",   /* GF (gain of frication source in dB) */
        |     ^~~~
  C:/Users/alex/.gemini/antigravity/scratch/retro-tts-app/app/src/main/cpp/dectalk_repo/include/c_us_cde.h:303:5: warning: initializing 'const unsigned char *' with an expression of type 'char[3]' converts between pointers to integer types where one is of the unique plain 'char' type and the other is not [-Wpointer-sign]
    303 |     "gh",   /* GH (gain of aspiration source in dB) */
        |     ^~~~
  C:/Users/alex/.gemini/antigravity/scratch/retro-tts-app/app/src/main/cpp/dectalk_repo/include/c_us_cde.h:304:5: warning: initializing 'const unsigned char *' with an expression of type 'char[3]' converts between pointers to integer types where one is of the unique plain 'char' type and the other is not [-Wpointer-sign]
    304 |     "gv",   /* GV (gain of voicing source in dB ) */
        |     ^~~~
  C:/Users/alex/.gemini/antigravity/scratch/retro-tts-app/app/src/main/cpp/dectalk_repo/include/c_us_cde.h:305:5: warning: initializing 'const unsigned char *' with an expression of type 'char[3]' converts between pointers to integer types where one is of the unique plain 'char' type and the other is not [-Wpointer-sign]
    305 |     "gn",   /* GN (gain of input to cascade nasal pole pair in dB) */
        |     ^~~~
  C:/Users/alex/.gemini/antigravity/scratch/retro-tts-app/app/src/main/cpp/dectalk_repo/include/c_us_cde.h:306:5: warning: initializing 'const unsigned char *' with an expression of type 'char[3]' converts between pointers to integer types where one is of the unique plain 'char' type and the other is not [-Wpointer-sign]
    306 |     "g1",   /* G1 (gain of input to cascade 5th formant in dB) */
        |     ^~~~
  C:/Users/alex/.gemini/antigravity/scratch/retro-tts-app/app/src/main/cpp/dectalk_repo/include/c_us_cde.h:307:5: warning: initializing 'const unsigned char *' with an expression of type 'char[3]' converts between pointers to integer types where one is of the unique plain 'char' type and the other is not [-Wpointer-sign]
    307 |     "g2",   /* G2 (gain of input to cascade 4th formant in dB) */
        |     ^~~~
  C:/Users/alex/.gemini/antigravity/scratch/retro-tts-app/app/src/main/cpp/dectalk_repo/include/c_us_cde.h:308:5: warning: initializing 'const unsigned char *' with an expression of type 'char[3]' converts between pointers to integer types where one is of the unique plain 'char' type and the other is not [-Wpointer-sign]
    308 |     "g3",   /* G3 (gain of input to cascade 3rd formant in dB) */
        |     ^~~~
  C:/Users/alex/.gemini/antigravity/scratch/retro-tts-app/app/src/main/cpp/dectalk_repo/include/c_us_cde.h:309:5: warning: initializing 'const unsigned char *' with an expression of type 'char[3]' converts between pointers to integer types where one is of the unique plain 'char' type and the other is not [-Wpointer-sign]
    309 |     "g4",   /* G4 (gain of input to cascade 2nd formant in dB) */
        |     ^~~~
  C:/Users/alex/.gemini/antigravity/scratch/retro-tts-app/app/src/main/cpp/dectalk_repo/include/c_us_cde.h:310:5: warning: initializing 'const unsigned char *' with an expression of type 'char[3]' converts between pointers to integer types where one is of the unique plain 'char' type and the other is not [-Wpointer-sign]
    310 |     "g5",   /* LO (Loudness, gain input to cascade 1st formant in dB) */
        |     ^~~~
  C:/Users/alex/.gemini/antigravity/scratch/retro-tts-app/app/src/main/cpp/dectalk_repo/include/c_us_cde.h:311:5: warning: initializing 'const unsigned char *' with an expression of type 'char[3]' converts between pointers to integer types where one is of the unique plain 'char' type and the other is not [-Wpointer-sign]
    311 |     "ft",   /* FT (f0-dependent spectral tilt in % of max) */
        |     ^~~~
  C:/Users/alex/.gemini/antigravity/scratch/retro-tts-app/app/src/main/cpp/dectalk_repo/include/c_us_cde.h:312:5: warning: initializing 'const unsigned char *' with an expression of type 'char[3]' converts between pointers to integer types where one is of the unique plain 'char' type and the other is not [-Wpointer-sign]
    312 |     "bf",   /* BF (baseline f0 fall in Hz) */
        |     ^~~~
  C:/Users/alex/.gemini/antigravity/scratch/retro-tts-app/app/src/main/cpp/dectalk_repo/include/c_us_cde.h:313:5: warning: initializing 'const unsigned char *' with an expression of type 'char[3]' converts between pointers to integer types where one is of the unique plain 'char' type and the other is not [-Wpointer-sign]
    313 |     "lx",   /* LX (lax folds adjacent to voiceless sound -> breathiness) */
        |     ^~~~
  C:/Users/alex/.gemini/antigravity/scratch/retro-tts-app/app/src/main/cpp/dectalk_repo/include/c_us_cde.h:314:5: warning: initializing 'const unsigned char *' with an expression of type 'char[3]' converts between pointers to integer types where one is of the unique plain 'char' type and the other is not [-Wpointer-sign]
    314 |     "qu",   /* QU (quickness of larynx gestures in % of max quickness) */
        |     ^~~~
  C:/Users/alex/.gemini/antigravity/scratch/retro-tts-app/app/src/main/cpp/dectalk_repo/include/c_us_cde.h:315:5: warning: initializing 'const unsigned char *' with an expression of type 'char[3]' converts between pointers to integer types where one is of the unique plain 'char' type and the other is not [-Wpointer-sign]
    315 |     "hr",   /* HR (hat-pattern fundamental frequency rise in Hz) */
        |     ^~~~
  C:/Users/alex/.gemini/antigravity/scratch/retro-tts-app/app/src/main/cpp/dectalk_repo/include/c_us_cde.h:316:5: warning: initializing 'const unsigned char *' with an expression of type 'char[3]' converts between pointers to integer types where one is of the unique plain 'char' type and the other is not [-Wpointer-sign]
    316 |     "sr",   /* SR (height of max stress-rise impulse of f0 in Hz, was 32) */
        |     ^~~~
  C:/Users/alex/.gemini/antigravity/scratch/retro-tts-app/app/src/main/cpp/dectalk_repo/include/c_us_cde.h:317:5: warning: initializing 'const unsigned char *' with an expression of type 'char[4]' converts between pointers to integer types where one is of the unique plain 'char' type and the other is not [-Wpointer-sign]
    317 |     "ago",  /* average voiced glottal opening */
        |     ^~~~~
  C:/Users/alex/.gemini/antigravity/scratch/retro-tts-app/app/src/main/cpp/dectalk_repo/include/c_us_cde.h:318:5: warning: initializing 'const unsigned char *' with an expression of type 'char[5]' converts between pointers to integer types where one is of the unique plain 'char' type and the other is not [-Wpointer-sign]
    318 |     "agvo", // delta for a voiced obstruent
        |     ^~~~~~
  C:/Users/alex/.gemini/antigravity/scratch/retro-tts-app/app/src/main/cpp/dectalk_repo/include/c_us_cde.h:319:5: warning: initializing 'const unsigned char *' with an expression of type 'char[5]' converts between pointers to integer types where one is of the unique plain 'char' type and the other is not [-Wpointer-sign]
    319 |     "aguo", // delta for an unvoiced obstryuent
        |     ^~~~~~
  C:/Users/alex/.gemini/antigravity/scratch/retro-tts-app/app/src/main/cpp/dectalk_repo/include/c_us_cde.h:320:5: warning: initializing 'const unsigned char *' with an expression of type 'char[6]' converts between pointers to integer types where one is of the unique plain 'char' type and the other is not [-Wpointer-sign]
    320 |     "chink",
        |     ^~~~~~~
  C:/Users/alex/.gemini/antigravity/scratch/retro-tts-app/app/src/main/cpp/dectalk_repo/include/c_us_cde.h:321:5: warning: initializing 'const unsigned char *' with an expression of type 'char[3]' converts between pointers to integer types where one is of the unique plain 'char' type and the other is not [-Wpointer-sign]
    321 |     "oq",
        |     ^~~~
  C:/Users/alex/.gemini/antigravity/scratch/retro-tts-app/app/src/main/cpp/dectalk_repo/include/c_us_cde.h:327:6: warning: initializing 'unsigned char *' with an expression of type 'char[5]' converts between pointers to integer types where one is of the unique plain 'char' type and the other is not [-Wpointer-sign]
    327 |     {"rate", "d", 1, DCS_RATE, cm_cmd_rate},
        |      ^~~~~~
  C:/Users/alex/.gemini/antigravity/scratch/retro-tts-app/app/src/main/cpp/dectalk_repo/include/c_us_cde.h:327:14: warning: initializing 'unsigned char *' with an expression of type 'char[2]' converts between pointers to integer types where one is of the unique plain 'char' type and the other is not [-Wpointer-sign]
    327 |     {"rate", "d", 1, DCS_RATE, cm_cmd_rate},
        |              ^~~
  C:/Users/alex/.gemini/antigravity/scratch/retro-tts-app/app/src/main/cpp/dectalk_repo/include/c_us_cde.h:328:6: warning: initializing 'unsigned char *' with an expression of type 'char[6]' converts between pointers to integer types where one is of the unique plain 'char' type and the other is not [-Wpointer-sign]
    328 |     {"latin", "d", 1, DCS_LATIN, cm_cmd_latin},
        |      ^~~~~~~
  C:/Users/alex/.gemini/antigravity/scratch/retro-tts-app/app/src/main/cpp/dectalk_repo/include/c_us_cde.h:328:15: warning: initializing 'unsigned char *' with an expression of type 'char[2]' converts between pointers to integer types where one is of the unique plain 'char' type and the other is not [-Wpointer-sign]
    328 |     {"latin", "d", 1, DCS_LATIN, cm_cmd_latin},
        |               ^~~
  C:/Users/alex/.gemini/antigravity/scratch/retro-tts-app/app/src/main/cpp/dectalk_repo/include/c_us_cde.h:329:6: warning: initializing 'unsigned char *' with an expression of type 'char[5]' converts between pointers to integer types where one is of the unique plain 'char' type and the other is not [-Wpointer-sign]
    329 |     {"name", "a", 1, DCS_NAME, cm_cmd_name},
        |      ^~~~~~
  C:/Users/alex/.gemini/antigravity/scratch/retro-tts-app/app/src/main/cpp/dectalk_repo/include/c_us_cde.h:329:14: warning: initializing 'unsigned char *' with an expression of type 'char[2]' converts between pointers to integer types where one is of the unique plain 'char' type and the other is not [-Wpointer-sign]
    329 |     {"name", "a", 1, DCS_NAME, cm_cmd_name},
        |              ^~~
  C:/Users/alex/.gemini/antigravity/scratch/retro-tts-app/app/src/main/cpp/dectalk_repo/include/c_us_cde.h:330:6: warning: initializing 'unsigned char *' with an expression of type 'char[3]' converts between pointers to integer types where one is of the unique plain 'char' type and the other is not [-Wpointer-sign]
    330 |     {"np", "", 0, DCS_NAME_PAUL, cm_cmd_name},
        |      ^~~~
  C:/Users/alex/.gemini/antigravity/scratch/retro-tts-app/app/src/main/cpp/dectalk_repo/include/c_us_cde.h:330:12: warning: initializing 'unsigned char *' with an expression of type 'char[1]' converts between pointers to integer types where one is of the unique plain 'char' type and the other is not [-Wpointer-sign]
    330 |     {"np", "", 0, DCS_NAME_PAUL, cm_cmd_name},
        |            ^~
  C:/Users/alex/.gemini/antigravity/scratch/retro-tts-app/app/src/main/cpp/dectalk_repo/include/c_us_cde.h:331:6: warning: initializing 'unsigned char *' with an expression of type 'char[3]' converts between pointers to integer types where one is of the unique plain 'char' type and the other is not [-Wpointer-sign]
    331 |     {"nb", "", 0, DCS_NAME_BETTY, cm_cmd_name},
        |      ^~~~
  C:/Users/alex/.gemini/antigravity/scratch/retro-tts-app/app/src/main/cpp/dectalk_repo/include/c_us_cde.h:331:12: warning: initializing 'unsigned char *' with an expression of type 'char[1]' converts between pointers to integer types where one is of the unique plain 'char' type and the other is not [-Wpointer-sign]
    331 |     {"nb", "", 0, DCS_NAME_BETTY, cm_cmd_name},
        |            ^~
  C:/Users/alex/.gemini/antigravity/scratch/retro-tts-app/app/src/main/cpp/dectalk_repo/include/c_us_cde.h:335:6: warning: initializing 'unsigned char *' with an expression of type 'char[3]' converts between pointers to integer types where one is of the unique plain 'char' type and the other is not [-Wpointer-sign]
    335 |     {"nh", "", 0, DCS_NAME_HARRY, cm_cmd_name},
        |      ^~~~
  C:/Users/alex/.gemini/antigravity/scratch/retro-tts-app/app/src/main/cpp/dectalk_repo/include/c_us_cde.h:335:12: warning: initializing 'unsigned char *' with an expression of type 'char[1]' converts between pointers to integer types where one is of the unique plain 'char' type and the other is not [-Wpointer-sign]
    335 |     {"nh", "", 0, DCS_NAME_HARRY, cm_cmd_name},
        |            ^~
  C:/Users/alex/.gemini/antigravity/scratch/retro-tts-app/app/src/main/cpp/dectalk_repo/include/c_us_cde.h:336:6: warning: initializing 'unsigned char *' with an expression of type 'char[3]' converts between pointers to integer types where one is of the unique plain 'char' type and the other is not [-Wpointer-sign]
    336 |     {"nf", "", 0, DCS_NAME_FRANK, cm_cmd_name},
        |      ^~~~
  C:/Users/alex/.gemini/antigravity/scratch/retro-tts-app/app/src/main/cpp/dectalk_repo/include/c_us_cde.h:336:12: warning: initializing 'unsigned char *' with an expression of type 'char[1]' converts between pointers to integer types where one is of the unique plain 'char' type and the other is not [-Wpointer-sign]
    336 |     {"nf", "", 0, DCS_NAME_FRANK, cm_cmd_name},
        |            ^~
  C:/Users/alex/.gemini/antigravity/scratch/retro-tts-app/app/src/main/cpp/dectalk_repo/include/c_us_cde.h:337:6: warning: initializing 'unsigned char *' with an expression of type 'char[3]' converts between pointers to integer types where one is of the unique plain 'char' type and the other is not [-Wpointer-sign]
    337 |     {"nd", "", 0, DCS_NAME_DENNIS, cm_cmd_name},
        |      ^~~~
  C:/Users/alex/.gemini/antigravity/scratch/retro-tts-app/app/src/main/cpp/dectalk_repo/include/c_us_cde.h:337:12: warning: initializing 'unsigned char *' with an expression of type 'char[1]' converts between pointers to integer types where one is of the unique plain 'char' type and the other is not [-Wpointer-sign]
    337 |     {"nd", "", 0, DCS_NAME_DENNIS, cm_cmd_name},
        |            ^~
  C:/Users/alex/.gemini/antigravity/scratch/retro-tts-app/app/src/main/cpp/dectalk_repo/include/c_us_cde.h:338:6: warning: initializing 'unsigned char *' with an expression of type 'char[3]' converts between pointers to integer types where one is of the unique plain 'char' type and the other is not [-Wpointer-sign]
    338 |     {"nk", "", 0, DCS_NAME_THE_KID, cm_cmd_name},
        |      ^~~~
  C:/Users/alex/.gemini/antigravity/scratch/retro-tts-app/app/src/main/cpp/dectalk_repo/include/c_us_cde.h:338:12: warning: initializing 'unsigned char *' with an expression of type 'char[1]' converts between pointers to integer types where one is of the unique plain 'char' type and the other is not [-Wpointer-sign]
    338 |     {"nk", "", 0, DCS_NAME_THE_KID, cm_cmd_name},
        |            ^~
  C:/Users/alex/.gemini/antigravity/scratch/retro-tts-app/app/src/main/cpp/dectalk_repo/include/c_us_cde.h:339:6: warning: initializing 'unsigned char *' with an expression of type 'char[3]' converts between pointers to integer types where one is of the unique plain 'char' type and the other is not [-Wpointer-sign]
    339 |     {"nu", "", 0, DCS_NAME_URSULA, cm_cmd_name},
        |      ^~~~
  C:/Users/alex/.gemini/antigravity/scratch/retro-tts-app/app/src/main/cpp/dectalk_repo/include/c_us_cde.h:339:12: warning: initializing 'unsigned char *' with an expression of type 'char[1]' converts between pointers to integer types where one is of the unique plain 'char' type and the other is not [-Wpointer-sign]
    339 |     {"nu", "", 0, DCS_NAME_URSULA, cm_cmd_name},
        |            ^~
  C:/Users/alex/.gemini/antigravity/scratch/retro-tts-app/app/src/main/cpp/dectalk_repo/include/c_us_cde.h:340:6: warning: initializing 'unsigned char *' with an expression of type 'char[3]' converts between pointers to integer types where one is of the unique plain 'char' type and the other is not [-Wpointer-sign]
    340 |     {"nr", "", 0, DCS_NAME_RITA, cm_cmd_name},
        |      ^~~~
  C:/Users/alex/.gemini/antigravity/scratch/retro-tts-app/app/src/main/cpp/dectalk_repo/include/c_us_cde.h:340:12: warning: initializing 'unsigned char *' with an expression of type 'char[1]' converts between pointers to integer types where one is of the unique plain 'char' type and the other is not [-Wpointer-sign]
    340 |     {"nr", "", 0, DCS_NAME_RITA, cm_cmd_name},
        |            ^~
  C:/Users/alex/.gemini/antigravity/scratch/retro-tts-app/app/src/main/cpp/dectalk_repo/include/c_us_cde.h:341:6: warning: initializing 'unsigned char *' with an expression of type 'char[3]' converts between pointers to integer types where one is of the unique plain 'char' type and the other is not [-Wpointer-sign]
    341 |     {"nw", "", 0, DCS_NAME_WILLY, cm_cmd_name},
        |      ^~~~
  C:/Users/alex/.gemini/antigravity/scratch/retro-tts-app/app/src/main/cpp/dectalk_repo/include/c_us_cde.h:341:12: warning: initializing 'unsigned char *' with an expression of type 'char[1]' converts between pointers to integer types where one is of the unique plain 'char' type and the other is not [-Wpointer-sign]
    341 |     {"nw", "", 0, DCS_NAME_WILLY, cm_cmd_name},
        |            ^~
  C:/Users/alex/.gemini/antigravity/scratch/retro-tts-app/app/src/main/cpp/dectalk_repo/include/c_us_cde.h:342:6: warning: initializing 'unsigned char *' with an expression of type 'char[3]' converts between pointers to integer types where one is of the unique plain 'char' type and the other is not [-Wpointer-sign]
    342 |     {"nv", "", 0, DCS_NAME_VAL, cm_cmd_name},
        |      ^~~~
  C:/Users/alex/.gemini/antigravity/scratch/retro-tts-app/app/src/main/cpp/dectalk_repo/include/c_us_cde.h:342:12: warning: initializing 'unsigned char *' with an expression of type 'char[1]' converts between pointers to integer types where one is of the unique plain 'char' type and the other is not [-Wpointer-sign]
    342 |     {"nv", "", 0, DCS_NAME_VAL, cm_cmd_name},
        |            ^~
  C:/Users/alex/.gemini/antigravity/scratch/retro-tts-app/app/src/main/cpp/dectalk_repo/include/c_us_cde.h:343:6: warning: initializing 'unsigned char *' with an expression of type 'char[6]' converts between pointers to integer types where one is of the unique plain 'char' type and the other is not [-Wpointer-sign]
    343 |     {"comma", "d", 1, DCS_COMMA, cm_cmd_comma},
        |      ^~~~~~~
  C:/Users/alex/.gemini/antigravity/scratch/retro-tts-app/app/src/main/cpp/dectalk_repo/include/c_us_cde.h:343:15: warning: initializing 'unsigned char *' with an expression of type 'char[2]' converts between pointers to integer types where one is of the unique plain 'char' type and the other is not [-Wpointer-sign]
    343 |     {"comma", "d", 1, DCS_COMMA, cm_cmd_comma},
        |               ^~~
  C:/Users/alex/.gemini/antigravity/scratch/retro-tts-app/app/src/main/cpp/dectalk_repo/include/c_us_cde.h:344:6: warning: initializing 'unsigned char *' with an expression of type 'char[3]' converts between pointers to integer types where one is of the unique plain 'char' type and the other is not [-Wpointer-sign]
    344 |     {"cp", "d", 1, DCS_COMMA, cm_cmd_comma},
        |      ^~~~
  C:/Users/alex/.gemini/antigravity/scratch/retro-tts-app/app/src/main/cpp/dectalk_repo/include/c_us_cde.h:344:12: warning: initializing 'unsigned char *' with an expression of type 'char[2]' converts between pointers to integer types where one is of the unique plain 'char' type and the other is not [-Wpointer-sign]
    344 |     {"cp", "d", 1, DCS_COMMA, cm_cmd_comma},
        |            ^~~
  C:/Users/alex/.gemini/antigravity/scratch/retro-tts-app/app/src/main/cpp/dectalk_repo/include/c_us_cde.h:345:6: warning: initializing 'unsigned char *' with an expression of type 'char[7]' converts between pointers to integer types where one is of the unique plain 'char' type and the other is not [-Wpointer-sign]
    345 |     {"period", "d", 1, DCS_PERIOD, cm_cmd_period},
        |      ^~~~~~~~
  C:/Users/alex/.gemini/antigravity/scratch/retro-tts-app/app/src/main/cpp/dectalk_repo/include/c_us_cde.h:345:16: warning: initializing 'unsigned char *' with an expression of type 'char[2]' converts between pointers to integer types where one is of the unique plain 'char' type and the other is not [-Wpointer-sign]
    345 |     {"period", "d", 1, DCS_PERIOD, cm_cmd_period},
        |                ^~~
  C:/Users/alex/.gemini/antigravity/scratch/retro-tts-app/app/src/main/cpp/dectalk_repo/include/c_us_cde.h:346:6: warning: initializing 'unsigned char *' with an expression of type 'char[3]' converts between pointers to integer types where one is of the unique plain 'char' type and the other is not [-Wpointer-sign]
    346 |     {"pp", "d", 1, DCS_PERIOD, cm_cmd_period},
        |      ^~~~
  C:/Users/alex/.gemini/antigravity/scratch/retro-tts-app/app/src/main/cpp/dectalk_repo/include/c_us_cde.h:346:12: warning: initializing 'unsigned char *' with an expression of type 'char[2]' converts between pointers to integer types where one is of the unique plain 'char' type and the other is not [-Wpointer-sign]
    346 |     {"pp", "d", 1, DCS_PERIOD, cm_cmd_period},
        |            ^~~
  C:/Users/alex/.gemini/antigravity/scratch/retro-tts-app/app/src/main/cpp/dectalk_repo/include/c_us_cde.h:347:6: warning: initializing 'unsigned char *' with an expression of type 'char[7]' converts between pointers to integer types where one is of the unique plain 'char' type and the other is not [-Wpointer-sign]
    347 |     {"volume", "add", 3, DCS_VOLUME_SET, cm_cmd_volume},
        |      ^~~~~~~~
  C:/Users/alex/.gemini/antigravity/scratch/retro-tts-app/app/src/main/cpp/dectalk_repo/include/c_us_cde.h:347:16: warning: initializing 'unsigned char *' with an expression of type 'char[4]' converts between pointers to integer types where one is of the unique plain 'char' type and the other is not [-Wpointer-sign]
    347 |     {"volume", "add", 3, DCS_VOLUME_SET, cm_cmd_volume},
        |                ^~~~~
  C:/Users/alex/.gemini/antigravity/scratch/retro-tts-app/app/src/main/cpp/dectalk_repo/include/c_us_cde.h:349:6: warning: initializing 'unsigned char *' with an expression of type 'char[3]' converts between pointers to integer types where one is of the unique plain 'char' type and the other is not [-Wpointer-sign]
    349 |     {"vs", "d", 1, 0, cm_cmd_vs},
        |      ^~~~
  C:/Users/alex/.gemini/antigravity/scratch/retro-tts-app/app/src/main/cpp/dectalk_repo/include/c_us_cde.h:349:12: warning: initializing 'unsigned char *' with an expression of type 'char[2]' converts between pointers to integer types where one is of the unique plain 'char' type and the other is not [-Wpointer-sign]
    349 |     {"vs", "d", 1, 0, cm_cmd_vs},
        |            ^~~
  C:/Users/alex/.gemini/antigravity/scratch/retro-tts-app/app/src/main/cpp/dectalk_repo/include/c_us_cde.h:350:6: warning: initializing 'unsigned char *' with an expression of type 'char[6]' converts between pointers to integer types where one is of the unique plain 'char' type and the other is not [-Wpointer-sign]
    350 |     {"index", "add", 2, DCS_INDEX, cm_cmd_mark}, // tek bats404 add another parameter
        |      ^~~~~~~
  C:/Users/alex/.gemini/antigravity/scratch/retro-tts-app/app/src/main/cpp/dectalk_repo/include/c_us_cde.h:350:15: warning: initializing 'unsigned char *' with an expression of type 'char[4]' converts between pointers to integer types where one is of the unique plain 'char' type and the other is not [-Wpointer-sign]
    350 |     {"index", "add", 2, DCS_INDEX, cm_cmd_mark}, // tek bats404 add another parameter
        |               ^~~~~
  C:/Users/alex/.gemini/antigravity/scratch/retro-tts-app/app/src/main/cpp/dectalk_repo/include/c_us_cde.h:351:6: warning: initializing 'unsigned char *' with an expression of type 'char[6]' converts between pointers to integer types where one is of the unique plain 'char' type and the other is not [-Wpointer-sign]
    351 |     {"error", "a", 1, DCS_ERROR, cm_cmd_error},
        |      ^~~~~~~
  C:/Users/alex/.gemini/antigravity/scratch/retro-tts-app/app/src/main/cpp/dectalk_repo/include/c_us_cde.h:351:15: warning: initializing 'unsigned char *' with an expression of type 'char[2]' converts between pointers to integer types where one is of the unique plain 'char' type and the other is not [-Wpointer-sign]
    351 |     {"error", "a", 1, DCS_ERROR, cm_cmd_error},
        |               ^~~
  C:/Users/alex/.gemini/antigravity/scratch/retro-tts-app/app/src/main/cpp/dectalk_repo/include/c_us_cde.h:352:6: warning: initializing 'unsigned char *' with an expression of type 'char[8]' converts between pointers to integer types where one is of the unique plain 'char' type and the other is not [-Wpointer-sign]
    352 |     {"phoneme", "aaa", 3, DCS_PHONEME, cm_cmd_phoneme},
        |      ^~~~~~~~~
  C:/Users/alex/.gemini/antigravity/scratch/retro-tts-app/app/src/main/cpp/dectalk_repo/include/c_us_cde.h:352:17: warning: initializing 'unsigned char *' with an expression of type 'char[4]' converts between pointers to integer types where one is of the unique plain 'char' type and the other is not [-Wpointer-sign]
    352 |     {"phoneme", "aaa", 3, DCS_PHONEME, cm_cmd_phoneme},
        |                 ^~~~~
  C:/Users/alex/.gemini/antigravity/scratch/retro-tts-app/app/src/main/cpp/dectalk_repo/include/c_us_cde.h:353:6: warning: initializing 'unsigned char *' with an expression of type 'char[4]' converts between pointers to integer types where one is of the unique plain 'char' type and the other is not [-Wpointer-sign]
    353 |     {"log", "aa", 2, DCS_LOG, cm_cmd_log},
        |      ^~~~~
  C:/Users/alex/.gemini/antigravity/scratch/retro-tts-app/app/src/main/cpp/dectalk_repo/include/c_us_cde.h:353:13: warning: initializing 'unsigned char *' with an expression of type 'char[3]' converts between pointers to integer types where one is of the unique plain 'char' type and the other is not [-Wpointer-sign]
    353 |     {"log", "aa", 2, DCS_LOG, cm_cmd_log},
        |             ^~~~
  C:/Users/alex/.gemini/antigravity/scratch/retro-tts-app/app/src/main/cpp/dectalk_repo/include/c_us_cde.h:354:6: warning: initializing 'unsigned char *' with an expression of type 'char[5]' converts between pointers to integer types where one is of the unique plain 'char' type and the other is not [-Wpointer-sign]
    354 |     {"mode", "aa", 2, DCS_MODE, cm_cmd_mode},
        |      ^~~~~~
  C:/Users/alex/.gemini/antigravity/scratch/retro-tts-app/app/src/main/cpp/dectalk_repo/include/c_us_cde.h:354:14: warning: initializing 'unsigned char *' with an expression of type 'char[3]' converts between pointers to integer types where one is of the unique plain 'char' type and the other is not [-Wpointer-sign]
    354 |     {"mode", "aa", 2, DCS_MODE, cm_cmd_mode},
        |              ^~~~
  C:/Users/alex/.gemini/antigravity/scratch/retro-tts-app/app/src/main/cpp/dectalk_repo/include/c_us_cde.h:355:6: warning: initializing 'unsigned char *' with an expression of type 'char[4]' converts between pointers to integer types where one is of the unique plain 'char' type and the other is not [-Wpointer-sign]
    355 |     {"say", "a", 1, DCS_SAY, cm_cmd_say},
        |      ^~~~~
  C:/Users/alex/.gemini/antigravity/scratch/retro-tts-app/app/src/main/cpp/dectalk_repo/include/c_us_cde.h:355:13: warning: initializing 'unsigned char *' with an expression of type 'char[2]' converts between pointers to integer types where one is of the unique plain 'char' type and the other is not [-Wpointer-sign]
    355 |     {"say", "a", 1, DCS_SAY, cm_cmd_say},
        |             ^~~
  C:/Users/alex/.gemini/antigravity/scratch/retro-tts-app/app/src/main/cpp/dectalk_repo/include/c_us_cde.h:356:6: warning: initializing 'unsigned char *' with an expression of type 'char[12]' converts between pointers to integer types where one is of the unique plain 'char' type and the other is not [-Wpointer-sign]
    356 |     {"punctuation", "a", 1, DCS_PUNCT, cm_cmd_punct},
        |      ^~~~~~~~~~~~~
  C:/Users/alex/.gemini/antigravity/scratch/retro-tts-app/app/src/main/cpp/dectalk_repo/include/c_us_cde.h:356:21: warning: initializing 'unsigned char *' with an expression of type 'char[2]' converts between pointers to integer types where one is of the unique plain 'char' type and the other is not [-Wpointer-sign]
    356 |     {"punctuation", "a", 1, DCS_PUNCT, cm_cmd_punct},
        |                     ^~~
  C:/Users/alex/.gemini/antigravity/scratch/retro-tts-app/app/src/main/cpp/dectalk_repo/include/c_us_cde.h:357:6: warning: initializing 'unsigned char *' with an expression of type 'char[5]' converts between pointers to integer types where one is of the unique plain 'char' type and the other is not [-Wpointer-sign]
    357 |     {"skip", "a", 1, DCS_SKIP, cm_cmd_skip},
        |      ^~~~~~
  C:/Users/alex/.gemini/antigravity/scratch/retro-tts-app/app/src/main/cpp/dectalk_repo/include/c_us_cde.h:357:14: warning: initializing 'unsigned char *' with an expression of type 'char[2]' converts between pointers to integer types where one is of the unique plain 'char' type and the other is not [-Wpointer-sign]
    357 |     {"skip", "a", 1, DCS_SKIP, cm_cmd_skip},
        |              ^~~
  C:/Users/alex/.gemini/antigravity/scratch/retro-tts-app/app/src/main/cpp/dectalk_repo/include/c_us_cde.h:358:6: warning: initializing 'unsigned char *' with an expression of type 'char[6]' converts between pointers to integer types where one is of the unique plain 'char' type and the other is not [-Wpointer-sign]
    358 |     {"pause", "d", 1, DCS_PAUSE, cm_cmd_pause},
        |      ^~~~~~~
  C:/Users/alex/.gemini/antigravity/scratch/retro-tts-app/app/src/main/cpp/dectalk_repo/include/c_us_cde.h:358:15: warning: initializing 'unsigned char *' with an expression of type 'char[2]' converts between pointers to integer types where one is of the unique plain 'char' type and the other is not [-Wpointer-sign]
    358 |     {"pause", "d", 1, DCS_PAUSE, cm_cmd_pause},
        |               ^~~
  C:/Users/alex/.gemini/antigravity/scratch/retro-tts-app/app/src/main/cpp/dectalk_repo/include/c_us_cde.h:359:6: warning: initializing 'unsigned char *' with an expression of type 'char[7]' converts between pointers to integer types where one is of the unique plain 'char' type and the other is not [-Wpointer-sign]
    359 |     {"resume", "", 0, DCS_RESUME, cm_cmd_resume},
        |      ^~~~~~~~
  C:/Users/alex/.gemini/antigravity/scratch/retro-tts-app/app/src/main/cpp/dectalk_repo/include/c_us_cde.h:359:16: warning: initializing 'unsigned char *' with an expression of type 'char[1]' converts between pointers to integer types where one is of the unique plain 'char' type and the other is not [-Wpointer-sign]
    359 |     {"resume", "", 0, DCS_RESUME, cm_cmd_resume},
        |                ^~
  C:/Users/alex/.gemini/antigravity/scratch/retro-tts-app/app/src/main/cpp/dectalk_repo/include/c_us_cde.h:360:6: warning: initializing 'unsigned char *' with an expression of type 'char[5]' converts between pointers to integer types where one is of the unique plain 'char' type and the other is not [-Wpointer-sign]
    360 |     {"sync", "", 0, DCS_SYNC, cm_cmd_sync},
        |      ^~~~~~
  C:/Users/alex/.gemini/antigravity/scratch/retro-tts-app/app/src/main/cpp/dectalk_repo/include/c_us_cde.h:360:14: warning: initializing 'unsigned char *' with an expression of type 'char[1]' converts between pointers to integer types where one is of the unique plain 'char' type and the other is not [-Wpointer-sign]
    360 |     {"sync", "", 0, DCS_SYNC, cm_cmd_sync},
        |              ^~
  C:/Users/alex/.gemini/antigravity/scratch/retro-tts-app/app/src/main/cpp/dectalk_repo/include/c_us_cde.h:361:6: warning: initializing 'unsigned char *' with an expression of type 'char[5]' converts between pointers to integer types where one is of the unique plain 'char' type and the other is not [-Wpointer-sign]
    361 |     {"dial", "a", 1, DCS_DIAL, cm_cmd_dial},
        |      ^~~~~~
  C:/Users/alex/.gemini/antigravity/scratch/retro-tts-app/app/src/main/cpp/dectalk_repo/include/c_us_cde.h:361:14: warning: initializing 'unsigned char *' with an expression of type 'char[2]' converts between pointers to integer types where one is of the unique plain 'char' type and the other is not [-Wpointer-sign]
    361 |     {"dial", "a", 1, DCS_DIAL, cm_cmd_dial},
        |              ^~~
  C:/Users/alex/.gemini/antigravity/scratch/retro-tts-app/app/src/main/cpp/dectalk_repo/include/c_us_cde.h:362:6: warning: initializing 'unsigned char *' with an expression of type 'char[5]' converts between pointers to integer types where one is of the unique plain 'char' type and the other is not [-Wpointer-sign]
    362 |     {"tone", "dd", 1, DCS_TONE, cm_cmd_tone},
        |      ^~~~~~
  C:/Users/alex/.gemini/antigravity/scratch/retro-tts-app/app/src/main/cpp/dectalk_repo/include/c_us_cde.h:362:14: warning: initializing 'unsigned char *' with an expression of type 'char[3]' converts between pointers to integer types where one is of the unique plain 'char' type and the other is not [-Wpointer-sign]
    362 |     {"tone", "dd", 1, DCS_TONE, cm_cmd_tone},
        |              ^~~~
  C:/Users/alex/.gemini/antigravity/scratch/retro-tts-app/app/src/main/cpp/dectalk_repo/include/c_us_cde.h:363:6: warning: initializing 'unsigned char *' with an expression of type 'char[10]' converts between pointers to integer types where one is of the unique plain 'char' type and the other is not [-Wpointer-sign]
    363 |     {"pronounce", "aa", 2, DCS_PRONOUNCE, cm_cmd_pronounce},
        |      ^~~~~~~~~~~
  C:/Users/alex/.gemini/antigravity/scratch/retro-tts-app/app/src/main/cpp/dectalk_repo/include/c_us_cde.h:363:19: warning: initializing 'unsigned char *' with an expression of type 'char[3]' converts between pointers to integer types where one is of the unique plain 'char' type and the other is not [-Wpointer-sign]
    363 |     {"pronounce", "aa", 2, DCS_PRONOUNCE, cm_cmd_pronounce},
        |                   ^~~~
  C:/Users/alex/.gemini/antigravity/scratch/retro-tts-app/app/src/main/cpp/dectalk_repo/include/c_us_cde.h:364:6: warning: initializing 'unsigned char *' with an expression of type 'char[6]' converts between pointers to integer types where one is of the unique plain 'char' type and the other is not [-Wpointer-sign]
    364 |     {"pitch", "d", 1, DCS_STRESS, cm_cmd_stress},
        |      ^~~~~~~
  C:/Users/alex/.gemini/antigravity/scratch/retro-tts-app/app/src/main/cpp/dectalk_repo/include/c_us_cde.h:364:15: warning: initializing 'unsigned char *' with an expression of type 'char[2]' converts between pointers to integer types where one is of the unique plain 'char' type and the other is not [-Wpointer-sign]
    364 |     {"pitch", "d", 1, DCS_STRESS, cm_cmd_stress},
        |               ^~~
  C:/Users/alex/.gemini/antigravity/scratch/retro-tts-app/app/src/main/cpp/dectalk_repo/include/c_us_cde.h:365:6: warning: initializing 'unsigned char *' with an expression of type 'char[13]' converts between pointers to integer types where one is of the unique plain 'char' type and the other is not [-Wpointer-sign]
    365 |     {"define_voice", "ad*", 2, DCS_DEFINE, cm_cmd_define},
        |      ^~~~~~~~~~~~~~
  C:/Users/alex/.gemini/antigravity/scratch/retro-tts-app/app/src/main/cpp/dectalk_repo/include/c_us_cde.h:365:22: warning: initializing 'unsigned char *' with an expression of type 'char[4]' converts between pointers to integer types where one is of the unique plain 'char' type and the other is not [-Wpointer-sign]
    365 |     {"define_voice", "ad*", 2, DCS_DEFINE, cm_cmd_define},
        |                      ^~~~~
  C:/Users/alex/.gemini/antigravity/scratch/retro-tts-app/app/src/main/cpp/dectalk_repo/include/c_us_cde.h:366:6: warning: initializing 'unsigned char *' with an expression of type 'char[3]' converts between pointers to integer types where one is of the unique plain 'char' type and the other is not [-Wpointer-sign]
    366 |     {"dv", "ad*", 2, DCS_DEFINE, cm_cmd_define},
        |      ^~~~
  C:/Users/alex/.gemini/antigravity/scratch/retro-tts-app/app/src/main/cpp/dectalk_repo/include/c_us_cde.h:366:12: warning: initializing 'unsigned char *' with an expression of type 'char[4]' converts between pointers to integer types where one is of the unique plain 'char' type and the other is not [-Wpointer-sign]
    366 |     {"dv", "ad*", 2, DCS_DEFINE, cm_cmd_define},
        |            ^~~~~
  C:/Users/alex/.gemini/antigravity/scratch/retro-tts-app/app/src/main/cpp/dectalk_repo/include/c_us_cde.h:367:6: warning: initializing 'unsigned char *' with an expression of type 'char[6]' converts between pointers to integer types where one is of the unique plain 'char' type and the other is not [-Wpointer-sign]
    367 |     {"debug", "h", 1, DCS_DEBUG_OLD, cm_cmd_debug},
        |      ^~~~~~~
  C:/Users/alex/.gemini/antigravity/scratch/retro-tts-app/app/src/main/cpp/dectalk_repo/include/c_us_cde.h:367:15: warning: initializing 'unsigned char *' with an expression of type 'char[2]' converts between pointers to integer types where one is of the unique plain 'char' type and the other is not [-Wpointer-sign]
    367 |     {"debug", "h", 1, DCS_DEBUG_OLD, cm_cmd_debug},
        |               ^~~
  C:/Users/alex/.gemini/antigravity/scratch/retro-tts-app/app/src/main/cpp/dectalk_repo/include/c_us_cde.h:375:6: warning: initializing 'unsigned char *' with an expression of type 'char[7]' converts between pointers to integer types where one is of the unique plain 'char' type and the other is not [-Wpointer-sign]
    375 |     {"gender", "a", 1, DCS_GENDER, cm_cmd_gender},
        |      ^~~~~~~~
  C:/Users/alex/.gemini/antigravity/scratch/retro-tts-app/app/src/main/cpp/dectalk_repo/include/c_us_cde.h:375:16: warning: initializing 'unsigned char *' with an expression of type 'char[2]' converts between pointers to integer types where one is of the unique plain 'char' type and the other is not [-Wpointer-sign]
    375 |     {"gender", "a", 1, DCS_GENDER, cm_cmd_gender},
        |                ^~~
  C:/Users/alex/.gemini/antigravity/scratch/retro-tts-app/app/src/main/cpp/dectalk_repo/include/c_us_cde.h:377:6: warning: initializing 'unsigned char *' with an expression of type 'char[9]' converts between pointers to integer types where one is of the unique plain 'char' type and the other is not [-Wpointer-sign]
    377 |     {"preamble", "d", 1, 0, cm_cmd_preamble},
        |      ^~~~~~~~~~
  C:/Users/alex/.gemini/antigravity/scratch/retro-tts-app/app/src/main/cpp/dectalk_repo/include/c_us_cde.h:377:18: warning: initializing 'unsigned char *' with an expression of type 'char[2]' converts between pointers to integer types where one is of the unique plain 'char' type and the other is not [-Wpointer-sign]
    377 |     {"preamble", "d", 1, 0, cm_cmd_preamble},
        |                  ^~~
  C:/Users/alex/.gemini/antigravity/scratch/retro-tts-app/app/src/main/cpp/dectalk_repo/include/c_us_cde.h:378:6: warning: initializing 'unsigned char *' with an expression of type 'char[8]' converts between pointers to integer types where one is of the unique plain 'char' type and the other is not [-Wpointer-sign]
    378 |     {"version", "a", 1, 0, cm_cmd_version},
        |      ^~~~~~~~~
  C:/Users/alex/.gemini/antigravity/scratch/retro-tts-app/app/src/main/cpp/dectalk_repo/include/c_us_cde.h:378:17: warning: initializing 'unsigned char *' with an expression of type 'char[2]' converts between pointers to integer types where one is of the unique plain 'char' type and the other is not [-Wpointer-sign]
    378 |     {"version", "a", 1, 0, cm_cmd_version},
        |                 ^~~
  C:/Users/alex/.gemini/antigravity/scratch/retro-tts-app/app/src/main/cpp/dectalk_repo/include/c_us_cde.h:379:6: warning: initializing 'unsigned char *' with an expression of type 'char[4]' converts between pointers to integer types where one is of the unique plain 'char' type and the other is not [-Wpointer-sign]
    379 |     {"spf", "d", 1, 0, cm_cmd_samples_per_frame},
        |      ^~~~~
  C:/Users/alex/.gemini/antigravity/scratch/retro-tts-app/app/src/main/cpp/dectalk_repo/include/c_us_cde.h:379:13: warning: initializing 'unsigned char *' with an expression of type 'char[2]' converts between pointers to integer types where one is of the unique plain 'char' type and the other is not [-Wpointer-sign]
    379 |     {"spf", "d", 1, 0, cm_cmd_samples_per_frame},
        |             ^~~
  C:/Users/alex/.gemini/antigravity/scratch/retro-tts-app/app/src/main/cpp/dectalk_repo/src/cm_copt.c:1051:47: warning: passing 'unsigned char[60]' to parameter of type 'const char * _Nonnull' converts between pointers to integer types where one is of the unique plain 'char' type and the other is not [-Wpointer-sign]
   1051 |         strcpy(pCmd_t->setv[pCmd_t->cmd_number].cmd, temp);
        |                                                      ^~~~
  C:/Users/alex/AppData/Local/Android/Sdk/ndk/28.2.13676358/toolchains/llvm/prebuilt/windows-x86_64/sysroot/usr/include/bits/fortify/string.h:97:89: note: passing argument to parameter 'src' here
     97 | char* _Nonnull strcpy(char* _Nonnull const dst __pass_object_size, const char* _Nonnull src)
        |                                                                                         ^
  C:/Users/alex/.gemini/antigravity/scratch/retro-tts-app/app/src/main/cpp/dectalk_repo/src/cm_copt.c:1373:11: warning: passing 'unsigned char[512]' to parameter of type 'char *' converts between pointers to integer types where one is of the unique plain 'char' type and the other is not [-Wpointer-sign]
   1373 |                 sprintf(versionstr, "\rHello. This is DECtalk. The software version is %d point %d %s. The code memories were generated on %s-%s-%s. The dictionary memories were generated on %s-%s-%s. There are many bytes free. If you can here this, there is a good chance that your DECtalk is working.\r",
        |                         ^~~~~~~~~~
  C:/Users/alex/AppData/Local/Android/Sdk/ndk/28.2.13676358/toolchains/llvm/prebuilt/windows-x86_64/sysroot/usr/include/bits/fortify/stdio.h:67:74: note: passing argument to parameter 'dest' here
     67 | int sprintf(char* const __BIONIC_COMPLICATED_NULLNESS __pass_object_size dest, const char* _Nonnull format, ...) __overloadable {
        |                                                                          ^
  C:/Users/alex/.gemini/antigravity/scratch/retro-tts-app/app/src/main/cpp/dectalk_repo/src/cm_copt.c:1383:11: warning: passing 'unsigned char[512]' to parameter of type 'char *' converts between pointers to integer types where one is of the unique plain 'char' type and the other is not [-Wpointer-sign]
   1383 |                 sprintf(versionstr, "Version %s %s", VERSION, RELEASE);
        |                         ^~~~~~~~~~
  C:/Users/alex/AppData/Local/Android/Sdk/ndk/28.2.13676358/toolchains/llvm/prebuilt/windows-x86_64/sysroot/usr/include/bits/fortify/stdio.h:67:74: note: passing argument to parameter 'dest' here
     67 | int sprintf(char* const __BIONIC_COMPLICATED_NULLNESS __pass_object_size dest, const char* _Nonnull format, ...) __overloadable {
        |                                                                          ^
  C:/Users/alex/.gemini/antigravity/scratch/retro-tts-app/app/src/main/cpp/dectalk_repo/src/cm_copt.c:1707:14: warning: result of comparison of constant 65535 with expression of type 'short' is always false [-Wtautological-constant-out-of-range-compare]
   1707 |         if(cmd_type == NO_STRING_MATCH) {
        |            ~~~~~~~~ ^  ~~~~~~~~~~~~~~~
  227 warnings generated.
  ninja: build stopped: subcommand failed.
  
  C++ build system [build] failed while executing:
      @echo off
      "C:\\Users\\alex\\AppData\\Local\\Android\\Sdk\\cmake\\3.22.1\\bin\\ninja.exe" ^
        -C ^
        "C:\\Users\\alex\\.gemini\\antigravity\\scratch\\retro-tts-app\\app\\.cxx\\Debug\\o122959i\\arm64-v8a" ^
        retro-tts ^
        say
    from C:\Users\alex\.gemini\antigravity\scratch\retro-tts-app\app

* Try:
> Run with --stacktrace option to get the stack trace.
> Run with --debug option to get more log output.
> Run with --scan to generate a Build Scan (Powered by Develocity).
> Get more help at https://help.gradle.org.
==============================================================================

2: Task failed with an exception.
-----------
* What went wrong:
Execution failed for task ':app:compileDebugKotlin'.
> A failure occurred while executing org.jetbrains.kotlin.compilerRunner.btapi.BuildToolsApiCompilationWork
   > Compilation error. See log for more details

* Try:
> Run with --stacktrace option to get the stack trace.
> Run with --debug option to get more log output.
> Run with --scan to generate a Build Scan (Powered by Develocity).
> Get more help at https://help.gradle.org.
==============================================================================

BUILD FAILED in 46s
29 actionable tasks: 3 executed, 26 up-to-date
Watched directory hierarchies: [C:\Users\alex\.gemini\antigravity\scratch\retro-tts-app]
Configuration cache entry reused.
